order_id,product_name,category,price_inr,quantity_sold,total_sales_inr,order_date,payment_method,customer_rating,month,year,profit_inr,discount_percent,customer_segment,region,calculated_sales,sales_difference,profit_margin_percent,revenue_per_unit,profit_per_unit,month_number,quarter,year_month,discount_amount,net_sales_after_discount,month_start
ORD00001,Educational Book,Books,49069.56,2,98139.12,12-09-2024,Debit Card,3.5,September,2024,19627.824,11,Online,West,98139.12,0,20.00%,49069.56,9813.912,9,Q3,Sep-24,10795.3032,87343.82,Sep-24
ORD00002,Jeans,Clothing,12755.85,4,51023.4,18-12-2024,UPI,3.9,December,2024,10204.68,24,Wholesale,North,51023.4,0,20.00%,12755.85,2551.17,12,Q4,Dec-24,12245.616,38777.78,Dec-24
ORD00003,Face Cream,Beauty,11092.19,4,44368.76,18-05-2024,Debit Card,4.4,May,2024,8873.752,19,Online,South,44368.76,0,20.00%,11092.19,2218.438,5,Q2,May-24,8430.0644,35938.7,May-24
ORD00004,Smartwatch,Electronics,32657.81,1,32657.81,08-11-2024,Debit Card,3.2,November,2024,6531.562,15,Online,North,32657.81,0,20.00%,32657.81,6531.562,11,Q4,Nov-24,4898.6715,27759.14,Nov-24
ORD00005,Cookware Set,Home & Kitchen,26590.08,3,79770.24,27-12-2024,UPI,3.1,December,2024,15954.048,12,Retail,North,79770.24,0,20.00%,26590.08,5318.016,12,Q4,Dec-24,9572.4288,70197.81,Dec-24
ORD00006,Mixer Grinder,Home & Kitchen,10475.03,2,20950.06,22-10-2024,Wallet,1.7,October,2024,4190.012,25,Wholesale,North,20950.06,0,20.00%,10475.03,2095.006,10,Q4,Oct-24,5237.515,15712.55,Oct-24
ORD00007,Sneakers,Clothing,38647.72,3,115943.16,04-07-2024,Wallet,2,July,2024,23188.632,11,Wholesale,North,115943.16,0,20.00%,38647.72,7729.544,7,Q3,Jul-24,12753.7476,103189.41,Jul-24
ORD00008,Table Lamp,Home & Kitchen,24818.59,3,74455.77,27-12-2024,Debit Card,2.4,December,2024,14891.154,30,Wholesale,South,74455.77,0,20.00%,24818.59,4963.718,12,Q4,Dec-24,22336.731,52119.04,Dec-24
ORD00009,Jacket,Clothing,1987.39,2,3974.78,18-01-2025,Debit Card,2.6,January,2025,794.956,23,Online,North,3974.78,0,20.00%,1987.39,397.478,1,Q1,Jan-25,914.1994,3060.58,Jan-25
ORD00010,Tablet,Electronics,26876.51,2,53753.02,14-03-2024,Debit Card,4,March,2024,10750.604,27,Online,North,53753.02,0,20.00%,26876.51,5375.302,3,Q1,Mar-24,14513.3154,39239.7,Mar-24
ORD00011,Perfume,Beauty,46409.57,5,232047.85,08-02-2025,UPI,2.3,February,2025,46409.57,15,Online,West,232047.85,0,20.00%,46409.57,9281.914,2,Q1,Feb-25,34807.1775,197240.67,Feb-25
ORD00012,Lipstick,Beauty,48780.78,5,243903.9,13-04-2024,UPI,1.3,April,2024,48780.78,15,Retail,South,243903.9,0,20.00%,48780.78,9756.156,4,Q2,Apr-24,36585.585,207318.32,Apr-24
ORD00013,Educational Book,Books,6670.82,5,33354.1,23-02-2024,COD,1.2,February,2024,6670.82,28,Online,South,33354.1,0,20.00%,6670.82,1334.164,2,Q1,Feb-24,9339.148,24014.95,Feb-24
ORD00014,Smartphone,Electronics,10826.05,1,10826.05,02-06-2024,Wallet,3.7,June,2024,2165.21,25,Retail,East,10826.05,0,20.00%,10826.05,2165.21,6,Q2,Jun-24,2706.5125,8119.54,Jun-24
ORD00015,Comic Book,Books,6839.1,1,6839.1,12-09-2024,Credit Card,1.6,September,2024,1367.82,8,Wholesale,South,6839.1,0,20.00%,6839.1,1367.82,9,Q3,Sep-24,547.128,6291.97,Sep-24
ORD00016,Mixer Grinder,Home & Kitchen,18197.89,5,90989.45,30-03-2024,Debit Card,1.6,March,2024,18197.89,12,Online,South,90989.45,0,20.00%,18197.89,3639.578,3,Q1,Mar-24,10918.734,80070.72,Mar-24
ORD00017,Cookbook,Books,20817.46,2,41634.92,30-03-2024,Debit Card,2.3,March,2024,8326.984,28,Retail,East,41634.92,0,20.00%,20817.46,4163.492,3,Q1,Mar-24,11657.7776,29977.14,Mar-24
ORD00018,Perfume,Beauty,44061.25,4,176245,22-04-2024,COD,2.5,April,2024,35249,7,Retail,South,176245,0,20.00%,44061.25,8812.25,4,Q2,Apr-24,12337.15,163907.85,Apr-24
ORD00019,Cookbook,Books,4398.59,5,21992.95,22-03-2024,Wallet,4,March,2024,4398.59,26,Online,South,21992.95,0,20.00%,4398.59,879.718,3,Q1,Mar-24,5718.167,16274.78,Mar-24
ORD00020,T-Shirt,Clothing,32565.77,5,162828.85,06-01-2025,COD,4.4,January,2025,32565.77,25,Wholesale,South,162828.85,0,20.00%,32565.77,6513.154,1,Q1,Jan-25,40707.2125,122121.64,Jan-25
ORD00021,Cookware Set,Home & Kitchen,47529.36,1,47529.36,09-07-2024,Net Banking,4.5,July,2024,9505.872,6,Wholesale,South,47529.36,0,20.00%,47529.36,9505.872,7,Q3,Jul-24,2851.7616,44677.6,Jul-24
ORD00022,Jeans,Clothing,37129.73,3,111389.19,22-01-2025,Wallet,4.3,January,2025,22277.838,28,Wholesale,East,111389.19,0,20.00%,37129.73,7425.946,1,Q1,Jan-25,31188.9732,80200.22,Jan-25
ORD00023,Educational Book,Books,48258.19,4,193032.76,23-06-2024,UPI,1.6,June,2024,38606.552,16,Retail,South,193032.76,0,20.00%,48258.19,9651.638,6,Q2,Jun-24,30885.2416,162147.52,Jun-24
ORD00024,Bedsheet,Home & Kitchen,32505.96,1,32505.96,19-03-2024,Wallet,2.8,March,2024,6501.192,10,Retail,South,32505.96,0,20.00%,32505.96,6501.192,3,Q1,Mar-24,3250.596,29255.36,Mar-24
ORD00025,Cookware Set,Home & Kitchen,4165.64,2,8331.28,24-11-2024,COD,1.1,November,2024,1666.256,6,Retail,East,8331.28,0,20.00%,4165.64,833.128,11,Q4,Nov-24,499.8768,7831.4,Nov-24
ORD00026,T-Shirt,Clothing,2053.11,4,8212.44,23-07-2024,COD,3.4,July,2024,1642.488,25,Retail,West,8212.44,0,20.00%,2053.11,410.622,7,Q3,Jul-24,2053.11,6159.33,Jul-24
ORD00027,Jeans,Clothing,38927.62,4,155710.48,24-08-2024,Wallet,2.5,August,2024,31142.096,5,Wholesale,North,155710.48,0,20.00%,38927.62,7785.524,8,Q3,Aug-24,7785.524,147924.96,Aug-24
ORD00028,Mixer Grinder,Home & Kitchen,28978.47,4,115913.88,21-07-2024,UPI,2.3,July,2024,23182.776,16,Online,West,115913.88,0,20.00%,28978.47,5795.694,7,Q3,Jul-24,18546.2208,97367.66,Jul-24
ORD00029,Lipstick,Beauty,21293.42,5,106467.1,16-04-2024,Wallet,2.2,April,2024,21293.42,30,Retail,East,106467.1,0,20.00%,21293.42,4258.684,4,Q2,Apr-24,31940.13,74526.97,Apr-24
ORD00030,Lipstick,Beauty,49097.01,4,196388.04,05-08-2024,Credit Card,3.7,August,2024,39277.608,26,Retail,North,196388.04,0,20.00%,49097.01,9819.402,8,Q3,Aug-24,51060.8904,145327.15,Aug-24
ORD00031,Perfume,Beauty,47651.19,1,47651.19,14-04-2024,Net Banking,3.6,April,2024,9530.238,16,Wholesale,East,47651.19,0,20.00%,47651.19,9530.238,4,Q2,Apr-24,7624.1904,40027,Apr-24
ORD00032,Hair Dryer,Beauty,15046.01,5,75230.05,17-10-2024,COD,1.1,October,2024,15046.01,29,Online,East,75230.05,0,20.00%,15046.01,3009.202,10,Q4,Oct-24,21816.7145,53413.34,Oct-24
ORD00033,Laptop,Electronics,36980.1,3,110940.3,01-10-2024,COD,3.2,October,2024,22188.06,21,Online,South,110940.3,0,20.00%,36980.1,7396.02,10,Q4,Oct-24,23297.463,87642.84,Oct-24
ORD00034,Table Lamp,Home & Kitchen,38144.67,2,76289.34,15-07-2024,Net Banking,3.1,July,2024,15257.868,14,Wholesale,North,76289.34,0,20.00%,38144.67,7628.934,7,Q3,Jul-24,10680.5076,65608.83,Jul-24
ORD00035,Laptop,Electronics,49355.45,2,98710.9,01-05-2024,COD,3.5,May,2024,19742.18,20,Wholesale,South,98710.9,0,20.00%,49355.45,9871.09,5,Q2,May-24,19742.18,78968.72,May-24
ORD00036,Shampoo,Beauty,12945.96,3,38837.88,10-06-2024,Wallet,1.4,June,2024,7767.576,19,Online,North,38837.88,0,20.00%,12945.96,2589.192,6,Q2,Jun-24,7379.1972,31458.68,Jun-24
ORD00037,Perfume,Beauty,34927.79,4,139711.16,27-06-2024,Credit Card,1.1,June,2024,27942.232,19,Retail,East,139711.16,0,20.00%,34927.79,6985.558,6,Q2,Jun-24,26545.1204,113166.04,Jun-24
ORD00038,Table Lamp,Home & Kitchen,3677.4,3,11032.2,31-07-2024,UPI,3.7,July,2024,2206.44,23,Online,East,11032.2,0,20.00%,3677.4,735.48,7,Q3,Jul-24,2537.406,8494.79,Jul-24
ORD00039,Comic Book,Books,37004.54,4,148018.16,26-10-2024,Debit Card,4,October,2024,29603.632,16,Wholesale,West,148018.16,0,20.00%,37004.54,7400.908,10,Q4,Oct-24,23682.9056,124335.25,Oct-24
ORD00040,Cookbook,Books,27961.78,5,139808.9,23-02-2024,Net Banking,4,February,2024,27961.78,27,Retail,North,139808.9,0,20.00%,27961.78,5592.356,2,Q1,Feb-24,37748.403,102060.5,Feb-24
ORD00041,Comic Book,Books,2655.8,2,5311.6,12-02-2024,Net Banking,3.7,February,2024,1062.32,24,Retail,South,5311.6,0,20.00%,2655.8,531.16,2,Q1,Feb-24,1274.784,4036.82,Feb-24
ORD00042,Headphones,Electronics,965.51,4,3862.04,06-06-2024,COD,3.5,June,2024,772.408,29,Wholesale,West,3862.04,0,20.00%,965.51,193.102,6,Q2,Jun-24,1119.9916,2742.05,Jun-24
ORD00043,Bedsheet,Home & Kitchen,2980.08,3,8940.24,14-12-2024,Net Banking,4.2,December,2024,1788.048,7,Wholesale,West,8940.24,0,20.00%,2980.08,596.016,12,Q4,Dec-24,625.8168,8314.42,Dec-24
ORD00044,Mixer Grinder,Home & Kitchen,8598.58,1,8598.58,09-10-2024,Debit Card,1.1,October,2024,1719.716,9,Wholesale,West,8598.58,0,20.00%,8598.58,1719.716,10,Q4,Oct-24,773.8722,7824.71,Oct-24
ORD00045,Shampoo,Beauty,31850.15,2,63700.3,14-04-2024,Net Banking,2.8,April,2024,12740.06,23,Online,South,63700.3,0,20.00%,31850.15,6370.03,4,Q2,Apr-24,14651.069,49049.23,Apr-24
ORD00046,Smartwatch,Electronics,33443.32,5,167216.6,15-02-2024,UPI,2.4,February,2024,33443.32,11,Online,West,167216.6,0,20.00%,33443.32,6688.664,2,Q1,Feb-24,18393.826,148822.77,Feb-24
ORD00047,Jacket,Clothing,29592.5,5,147962.5,25-07-2024,Net Banking,4.7,July,2024,29592.5,25,Retail,South,147962.5,0,20.00%,29592.5,5918.5,7,Q3,Jul-24,36990.625,110971.88,Jul-24
ORD00048,Hair Dryer,Beauty,11187.38,4,44749.52,22-06-2024,Wallet,2.3,June,2024,8949.904,13,Wholesale,West,44749.52,0,20.00%,11187.38,2237.476,6,Q2,Jun-24,5817.4376,38932.08,Jun-24
ORD00049,Bedsheet,Home & Kitchen,23898.58,5,119492.9,28-11-2024,Credit Card,3.3,November,2024,23898.58,11,Retail,South,119492.9,0,20.00%,23898.58,4779.716,11,Q4,Nov-24,13144.219,106348.68,Nov-24
ORD00050,Comic Book,Books,1391.49,4,5565.96,11-08-2024,Credit Card,4.5,August,2024,1113.192,22,Retail,East,5565.96,0,20.00%,1391.49,278.298,8,Q3,Aug-24,1224.5112,4341.45,Aug-24
ORD00051,Jeans,Clothing,18607.69,5,93038.45,10-09-2024,COD,2.4,September,2024,18607.69,8,Retail,East,93038.45,0,20.00%,18607.69,3721.538,9,Q3,Sep-24,7443.076,85595.37,Sep-24
ORD00052,Fiction Novel,Books,46224.88,3,138674.64,30-10-2024,Credit Card,4.1,October,2024,27734.928,29,Retail,East,138674.64,0,20.00%,46224.88,9244.976,10,Q4,Oct-24,40215.6456,98458.99,Oct-24
ORD00053,Tablet,Electronics,11864.13,5,59320.65,11-11-2024,Debit Card,1.3,November,2024,11864.13,18,Wholesale,East,59320.65,0,20.00%,11864.13,2372.826,11,Q4,Nov-24,10677.717,48642.93,Nov-24
ORD00054,Comic Book,Books,7757.2,5,38786,22-11-2024,Wallet,2.2,November,2024,7757.2,22,Retail,East,38786,0,20.00%,7757.2,1551.44,11,Q4,Nov-24,8532.92,30253.08,Nov-24
ORD00055,Smartwatch,Electronics,29745,1,29745,04-10-2024,UPI,3.6,October,2024,5949,30,Wholesale,West,29745,0,20.00%,29745,5949,10,Q4,Oct-24,8923.5,20821.5,Oct-24
ORD00056,Jeans,Clothing,39176.54,5,195882.7,04-04-2024,Net Banking,4.1,April,2024,39176.54,13,Wholesale,West,195882.7,0,20.00%,39176.54,7835.308,4,Q2,Apr-24,25464.751,170417.95,Apr-24
ORD00057,Jeans,Clothing,18075.19,5,90375.95,03-09-2024,Debit Card,1.7,September,2024,18075.19,30,Online,West,90375.95,0,20.00%,18075.19,3615.038,9,Q3,Sep-24,27112.785,63263.17,Sep-24
ORD00058,Self-Help Book,Books,18830.59,4,75322.36,16-05-2024,Net Banking,3.6,May,2024,15064.472,25,Wholesale,South,75322.36,0,20.00%,18830.59,3766.118,5,Q2,May-24,18830.59,56491.77,May-24
ORD00059,Headphones,Electronics,38476.48,4,153905.92,30-08-2024,Credit Card,2,August,2024,30781.184,6,Online,South,153905.92,0,20.00%,38476.48,7695.296,8,Q3,Aug-24,9234.3552,144671.56,Aug-24
ORD00060,Laptop,Electronics,27120.36,2,54240.72,13-06-2024,Credit Card,3.8,June,2024,10848.144,24,Wholesale,South,54240.72,0,20.00%,27120.36,5424.072,6,Q2,Jun-24,13017.7728,41222.95,Jun-24
ORD00061,Cookbook,Books,31627,5,158135,28-07-2024,Debit Card,3.1,July,2024,31627,19,Wholesale,South,158135,0,20.00%,31627,6325.4,7,Q3,Jul-24,30045.65,128089.35,Jul-24
ORD00062,Comic Book,Books,14505.79,3,43517.37,10-07-2024,UPI,3.9,July,2024,8703.474,11,Wholesale,East,43517.37,0,20.00%,14505.79,2901.158,7,Q3,Jul-24,4786.9107,38730.46,Jul-24
ORD00063,Smartwatch,Electronics,15229.67,3,45689.01,21-07-2024,Credit Card,2.7,July,2024,9137.802,16,Online,East,45689.01,0,20.00%,15229.67,3045.934,7,Q3,Jul-24,7310.2416,38378.77,Jul-24
ORD00064,Table Lamp,Home & Kitchen,2158.12,3,6474.36,02-01-2025,COD,3.4,January,2025,1294.872,12,Online,East,6474.36,0,20.00%,2158.12,431.624,1,Q1,Jan-25,776.9232,5697.44,Jan-25
ORD00065,Lipstick,Beauty,11106.19,2,22212.38,22-12-2024,Wallet,1.1,December,2024,4442.476,19,Retail,North,22212.38,0,20.00%,11106.19,2221.238,12,Q4,Dec-24,4220.3522,17992.03,Dec-24
ORD00066,Educational Book,Books,21690.55,2,43381.1,28-11-2024,Credit Card,1.9,November,2024,8676.22,7,Online,West,43381.1,0,20.00%,21690.55,4338.11,11,Q4,Nov-24,3036.677,40344.42,Nov-24
ORD00067,Hair Dryer,Beauty,4225.69,4,16902.76,06-05-2024,Credit Card,2.5,May,2024,3380.552,18,Online,South,16902.76,0,20.00%,4225.69,845.138,5,Q2,May-24,3042.4968,13860.26,May-24
ORD00068,Smartwatch,Electronics,23621.02,1,23621.02,26-02-2024,Wallet,4.7,February,2024,4724.204,21,Online,South,23621.02,0,20.00%,23621.02,4724.204,2,Q1,Feb-24,4960.4142,18660.61,Feb-24
ORD00069,Educational Book,Books,38937.92,3,116813.76,08-04-2024,Credit Card,3.4,April,2024,23362.752,8,Online,East,116813.76,0,20.00%,38937.92,7787.584,4,Q2,Apr-24,9345.1008,107468.66,Apr-24
ORD00070,Cookware Set,Home & Kitchen,2707.97,1,2707.97,28-04-2024,Net Banking,1.2,April,2024,541.594,22,Retail,South,2707.97,0,20.00%,2707.97,541.594,4,Q2,Apr-24,595.7534,2112.22,Apr-24
ORD00071,Face Cream,Beauty,23715.42,4,94861.68,24-03-2024,COD,2,March,2024,18972.336,12,Online,South,94861.68,0,20.00%,23715.42,4743.084,3,Q1,Mar-24,11383.4016,83478.28,Mar-24
ORD00072,Tablet,Electronics,9083.5,2,18167,05-07-2024,UPI,1.8,July,2024,3633.4,8,Wholesale,West,18167,0,20.00%,9083.5,1816.7,7,Q3,Jul-24,1453.36,16713.64,Jul-24
ORD00073,Lipstick,Beauty,26379.35,4,105517.4,07-09-2024,UPI,3,September,2024,21103.48,6,Wholesale,East,105517.4,0,20.00%,26379.35,5275.87,9,Q3,Sep-24,6331.044,99186.36,Sep-24
ORD00074,Jacket,Clothing,34023.96,3,102071.88,13-02-2024,Credit Card,4.6,February,2024,20414.376,10,Online,West,102071.88,0,20.00%,34023.96,6804.792,2,Q1,Feb-24,10207.188,91864.69,Feb-24
ORD00075,Sneakers,Clothing,1542.1,4,6168.4,25-08-2024,Credit Card,1,August,2024,1233.68,26,Online,North,6168.4,0,20.00%,1542.1,308.42,8,Q3,Aug-24,1603.784,4564.62,Aug-24
ORD00076,Fiction Novel,Books,42981.08,3,128943.24,25-03-2024,COD,3.8,March,2024,25788.648,14,Wholesale,North,128943.24,0,20.00%,42981.08,8596.216,3,Q1,Mar-24,18052.0536,110891.19,Mar-24
ORD00077,Sofa Cover,Home & Kitchen,46338.29,5,231691.45,22-03-2024,COD,3.4,March,2024,46338.29,8,Wholesale,North,231691.45,0,20.00%,46338.29,9267.658,3,Q1,Mar-24,18535.316,213156.13,Mar-24
ORD00078,Headphones,Electronics,34161.44,1,34161.44,30-06-2024,Wallet,2.4,June,2024,6832.288,26,Retail,East,34161.44,0,20.00%,34161.44,6832.288,6,Q2,Jun-24,8881.9744,25279.47,Jun-24
ORD00079,Lipstick,Beauty,21317.31,5,106586.55,16-07-2024,Credit Card,4,July,2024,21317.31,22,Wholesale,South,106586.55,0,20.00%,21317.31,4263.462,7,Q3,Jul-24,23449.041,83137.51,Jul-24
ORD00080,Face Cream,Beauty,46011.84,4,184047.36,01-05-2024,COD,3.3,May,2024,36809.472,30,Wholesale,East,184047.36,0,20.00%,46011.84,9202.368,5,Q2,May-24,55214.208,128833.15,May-24
ORD00081,Perfume,Beauty,2097.99,1,2097.99,09-02-2025,Debit Card,3.2,February,2025,419.598,16,Online,East,2097.99,0,20.00%,2097.99,419.598,2,Q1,Feb-25,335.6784,1762.31,Feb-25
ORD00082,Smartphone,Electronics,17104.91,3,51314.73,10-12-2024,Credit Card,2.7,December,2024,10262.946,6,Wholesale,South,51314.73,0,20.00%,17104.91,3420.982,12,Q4,Dec-24,3078.8838,48235.85,Dec-24
ORD00083,Sofa Cover,Home & Kitchen,29326.6,3,87979.8,07-11-2024,Credit Card,4.9,November,2024,17595.96,14,Retail,West,87979.8,0,20.00%,29326.6,5865.32,11,Q4,Nov-24,12317.172,75662.63,Nov-24
ORD00084,Headphones,Electronics,28892.73,4,115570.92,11-11-2024,COD,1.3,November,2024,23114.184,8,Wholesale,North,115570.92,0,20.00%,28892.73,5778.546,11,Q4,Nov-24,9245.6736,106325.25,Nov-24
ORD00085,Tablet,Electronics,35033.12,4,140132.48,03-12-2024,UPI,4.7,December,2024,28026.496,18,Online,West,140132.48,0,20.00%,35033.12,7006.624,12,Q4,Dec-24,25223.8464,114908.63,Dec-24
ORD00086,Jeans,Clothing,40069.3,3,120207.9,27-10-2024,Debit Card,2.4,October,2024,24041.58,20,Online,North,120207.9,0,20.00%,40069.3,8013.86,10,Q4,Oct-24,24041.58,96166.32,Oct-24
ORD00087,Comic Book,Books,20613.14,4,82452.56,30-05-2024,UPI,3.4,May,2024,16490.512,19,Wholesale,East,82452.56,0,20.00%,20613.14,4122.628,5,Q2,May-24,15665.9864,66786.57,May-24
ORD00088,Cookware Set,Home & Kitchen,3432,5,17160,12-04-2024,Credit Card,3.4,April,2024,3432,12,Online,North,17160,0,20.00%,3432,686.4,4,Q2,Apr-24,2059.2,15100.8,Apr-24
ORD00089,Shampoo,Beauty,25752.65,3,77257.95,28-06-2024,Net Banking,2.5,June,2024,15451.59,18,Retail,East,77257.95,0,20.00%,25752.65,5150.53,6,Q2,Jun-24,13906.431,63351.52,Jun-24
ORD00090,Smartwatch,Electronics,30238.47,2,60476.94,24-09-2024,Net Banking,4,September,2024,12095.388,27,Retail,West,60476.94,0,20.00%,30238.47,6047.694,9,Q3,Sep-24,16328.7738,44148.17,Sep-24
ORD00091,Bedsheet,Home & Kitchen,34293.38,4,137173.52,01-04-2024,Net Banking,4.4,April,2024,27434.704,29,Wholesale,East,137173.52,0,20.00%,34293.38,6858.676,4,Q2,Apr-24,39780.3208,97393.2,Apr-24
ORD00092,Perfume,Beauty,19498.32,2,38996.64,23-11-2024,Credit Card,3.6,November,2024,7799.328,12,Wholesale,West,38996.64,0,20.00%,19498.32,3899.664,11,Q4,Nov-24,4679.5968,34317.04,Nov-24
ORD00093,T-Shirt,Clothing,39355.59,1,39355.59,22-10-2024,Wallet,2.9,October,2024,7871.118,25,Wholesale,South,39355.59,0,20.00%,39355.59,7871.118,10,Q4,Oct-24,9838.8975,29516.69,Oct-24
ORD00094,Cookbook,Books,26575.86,2,53151.72,23-05-2024,Wallet,2,May,2024,10630.344,20,Online,South,53151.72,0,20.00%,26575.86,5315.172,5,Q2,May-24,10630.344,42521.38,May-24
ORD00095,Headphones,Electronics,12506.31,3,37518.93,12-01-2025,UPI,1.4,January,2025,7503.786,17,Retail,South,37518.93,0,20.00%,12506.31,2501.262,1,Q1,Jan-25,6378.2181,31140.71,Jan-25
ORD00096,T-Shirt,Clothing,19180.77,3,57542.31,28-01-2025,Wallet,3.9,January,2025,11508.462,22,Retail,East,57542.31,0,20.00%,19180.77,3836.154,1,Q1,Jan-25,12659.3082,44883,Jan-25
ORD00097,Bedsheet,Home & Kitchen,8877.51,5,44387.55,31-05-2024,UPI,2.5,May,2024,8877.51,19,Online,South,44387.55,0,20.00%,8877.51,1775.502,5,Q2,May-24,8433.6345,35953.92,May-24
ORD00098,Sneakers,Clothing,32348.92,2,64697.84,02-02-2025,Credit Card,3.1,February,2025,12939.568,25,Retail,North,64697.84,0,20.00%,32348.92,6469.784,2,Q1,Feb-25,16174.46,48523.38,Feb-25
ORD00099,Smartwatch,Electronics,19375.76,2,38751.52,06-12-2024,Credit Card,2.1,December,2024,7750.304,28,Wholesale,West,38751.52,0,20.00%,19375.76,3875.152,12,Q4,Dec-24,10850.4256,27901.09,Dec-24
ORD00100,Educational Book,Books,48157.93,1,48157.93,05-09-2024,COD,2.4,September,2024,9631.586,30,Wholesale,West,48157.93,0,20.00%,48157.93,9631.586,9,Q3,Sep-24,14447.379,33710.55,Sep-24
ORD00101,Laptop,Electronics,4360.05,4,17440.2,18-01-2025,Wallet,3.3,January,2025,3488.04,29,Wholesale,North,17440.2,0,20.00%,4360.05,872.01,1,Q1,Jan-25,5057.658,12382.54,Jan-25
ORD00102,Jacket,Clothing,38093.14,1,38093.14,22-10-2024,Credit Card,3,October,2024,7618.628,17,Retail,East,38093.14,0,20.00%,38093.14,7618.628,10,Q4,Oct-24,6475.8338,31617.31,Oct-24
ORD00103,Educational Book,Books,32788.2,5,163941,07-07-2024,Credit Card,4,July,2024,32788.2,13,Wholesale,East,163941,0,20.00%,32788.2,6557.64,7,Q3,Jul-24,21312.33,142628.67,Jul-24
ORD00104,Comic Book,Books,42715.55,1,42715.55,14-07-2024,Credit Card,4.4,July,2024,8543.11,19,Online,West,42715.55,0,20.00%,42715.55,8543.11,7,Q3,Jul-24,8115.9545,34599.6,Jul-24
ORD00105,Perfume,Beauty,28758.42,5,143792.1,22-09-2024,Net Banking,3.7,September,2024,28758.42,17,Online,South,143792.1,0,20.00%,28758.42,5751.684,9,Q3,Sep-24,24444.657,119347.44,Sep-24
ORD00106,Educational Book,Books,22555.21,2,45110.42,10-05-2024,UPI,4.3,May,2024,9022.084,5,Retail,East,45110.42,0,20.00%,22555.21,4511.042,5,Q2,May-24,2255.521,42854.9,May-24
ORD00107,Dress,Clothing,33613.18,1,33613.18,24-08-2024,Wallet,3.5,August,2024,6722.636,29,Online,East,33613.18,0,20.00%,33613.18,6722.636,8,Q3,Aug-24,9747.8222,23865.36,Aug-24
ORD00108,T-Shirt,Clothing,44639,5,223195,04-05-2024,Credit Card,1.1,May,2024,44639,11,Online,North,223195,0,20.00%,44639,8927.8,5,Q2,May-24,24551.45,198643.55,May-24
ORD00109,Jeans,Clothing,11785.4,5,58927,25-06-2024,Wallet,1.6,June,2024,11785.4,13,Retail,North,58927,0,20.00%,11785.4,2357.08,6,Q2,Jun-24,7660.51,51266.49,Jun-24
ORD00110,Self-Help Book,Books,30826.72,1,30826.72,04-08-2024,UPI,3.9,August,2024,6165.344,28,Wholesale,South,30826.72,0,20.00%,30826.72,6165.344,8,Q3,Aug-24,8631.4816,22195.24,Aug-24
ORD00111,Jacket,Clothing,35811.1,4,143244.4,11-09-2024,Net Banking,1.9,September,2024,28648.88,5,Wholesale,East,143244.4,0,20.00%,35811.1,7162.22,9,Q3,Sep-24,7162.22,136082.18,Sep-24
ORD00112,Shampoo,Beauty,45387.99,3,136163.97,23-12-2024,COD,4.8,December,2024,27232.794,16,Wholesale,East,136163.97,0,20.00%,45387.99,9077.598,12,Q4,Dec-24,21786.2352,114377.73,Dec-24
ORD00113,Sofa Cover,Home & Kitchen,39263.94,5,196319.7,05-08-2024,Wallet,3.8,August,2024,39263.94,12,Retail,North,196319.7,0,20.00%,39263.94,7852.788,8,Q3,Aug-24,23558.364,172761.34,Aug-24
ORD00114,Educational Book,Books,19787.61,1,19787.61,07-10-2024,Debit Card,3.9,October,2024,3957.522,28,Online,East,19787.61,0,20.00%,19787.61,3957.522,10,Q4,Oct-24,5540.5308,14247.08,Oct-24
ORD00115,Jacket,Clothing,26219.99,4,104879.96,14-03-2024,Debit Card,2.1,March,2024,20975.992,15,Wholesale,West,104879.96,0,20.00%,26219.99,5243.998,3,Q1,Mar-24,15731.994,89147.97,Mar-24
ORD00116,Lipstick,Beauty,14286.02,4,57144.08,25-05-2024,UPI,3.7,May,2024,11428.816,23,Wholesale,North,57144.08,0,20.00%,14286.02,2857.204,5,Q2,May-24,13143.1384,44000.94,May-24
ORD00117,T-Shirt,Clothing,13019.07,3,39057.21,02-02-2025,Credit Card,2.8,February,2025,7811.442,21,Retail,South,39057.21,0,20.00%,13019.07,2603.814,2,Q1,Feb-25,8202.0141,30855.2,Feb-25
ORD00118,Face Cream,Beauty,43488.42,3,130465.26,18-07-2024,Net Banking,3,July,2024,26093.052,12,Wholesale,North,130465.26,0,20.00%,43488.42,8697.684,7,Q3,Jul-24,15655.8312,114809.43,Jul-24
ORD00119,Cookbook,Books,30903.49,4,123613.96,10-09-2024,Net Banking,1.7,September,2024,24722.792,7,Retail,East,123613.96,0,20.00%,30903.49,6180.698,9,Q3,Sep-24,8652.9772,114960.98,Sep-24
ORD00120,Table Lamp,Home & Kitchen,37405.46,4,149621.84,15-01-2025,Wallet,1.3,January,2025,29924.368,7,Online,South,149621.84,0,20.00%,37405.46,7481.092,1,Q1,Jan-25,10473.5288,139148.31,Jan-25
ORD00121,Tablet,Electronics,30593.67,4,122374.68,18-05-2024,COD,1.5,May,2024,24474.936,5,Retail,North,122374.68,0,20.00%,30593.67,6118.734,5,Q2,May-24,6118.734,116255.95,May-24
ORD00122,Headphones,Electronics,28688.25,3,86064.75,27-05-2024,UPI,2.4,May,2024,17212.95,9,Retail,West,86064.75,0,20.00%,28688.25,5737.65,5,Q2,May-24,7745.8275,78318.92,May-24
ORD00123,Hair Dryer,Beauty,12158.96,3,36476.88,21-03-2024,Net Banking,1.1,March,2024,7295.376,14,Retail,West,36476.88,0,20.00%,12158.96,2431.792,3,Q1,Mar-24,5106.7632,31370.12,Mar-24
ORD00124,Headphones,Electronics,24500.05,3,73500.15,21-04-2024,Credit Card,4.4,April,2024,14700.03,11,Retail,North,73500.15,0,20.00%,24500.05,4900.01,4,Q2,Apr-24,8085.0165,65415.13,Apr-24
ORD00125,Table Lamp,Home & Kitchen,44412.88,3,133238.64,13-09-2024,COD,1.4,September,2024,26647.728,30,Online,West,133238.64,0,20.00%,44412.88,8882.576,9,Q3,Sep-24,39971.592,93267.05,Sep-24
ORD00126,Smartphone,Electronics,26615.97,3,79847.91,26-08-2024,Net Banking,3.6,August,2024,15969.582,13,Online,West,79847.91,0,20.00%,26615.97,5323.194,8,Q3,Aug-24,10380.2283,69467.68,Aug-24
ORD00127,Jacket,Clothing,3979.4,1,3979.4,02-10-2024,Debit Card,4.6,October,2024,795.88,11,Wholesale,West,3979.4,0,20.00%,3979.4,795.88,10,Q4,Oct-24,437.734,3541.67,Oct-24
ORD00128,Perfume,Beauty,49687.49,2,99374.98,02-05-2024,UPI,2.5,May,2024,19874.996,13,Online,South,99374.98,0,20.00%,49687.49,9937.498,5,Q2,May-24,12918.7474,86456.23,May-24
ORD00129,Laptop,Electronics,11289.42,3,33868.26,10-08-2024,UPI,2.3,August,2024,6773.652,12,Online,West,33868.26,0,20.00%,11289.42,2257.884,8,Q3,Aug-24,4064.1912,29804.07,Aug-24
ORD00130,Dress,Clothing,27309.73,3,81929.19,17-06-2024,Net Banking,4,June,2024,16385.838,16,Wholesale,West,81929.19,0,20.00%,27309.73,5461.946,6,Q2,Jun-24,13108.6704,68820.52,Jun-24
ORD00131,Laptop,Electronics,30374.4,5,151872,11-01-2025,Net Banking,1.8,January,2025,30374.4,6,Online,West,151872,0,20.00%,30374.4,6074.88,1,Q1,Jan-25,9112.32,142759.68,Jan-25
ORD00132,Shampoo,Beauty,15486.41,4,61945.64,20-04-2024,COD,5,April,2024,12389.128,5,Retail,South,61945.64,0,20.00%,15486.41,3097.282,4,Q2,Apr-24,3097.282,58848.36,Apr-24
ORD00133,Smartwatch,Electronics,33698.34,1,33698.34,10-08-2024,Debit Card,4.2,August,2024,6739.668,20,Retail,North,33698.34,0,20.00%,33698.34,6739.668,8,Q3,Aug-24,6739.668,26958.67,Aug-24
ORD00134,Dress,Clothing,42987.64,5,214938.2,30-03-2024,Wallet,3.7,March,2024,42987.64,27,Wholesale,East,214938.2,0,20.00%,42987.64,8597.528,3,Q1,Mar-24,58033.314,156904.89,Mar-24
ORD00135,Smartwatch,Electronics,1104.25,5,5521.25,28-11-2024,UPI,3.8,November,2024,1104.25,27,Wholesale,West,5521.25,0,20.00%,1104.25,220.85,11,Q4,Nov-24,1490.7375,4030.51,Nov-24
ORD00136,Jacket,Clothing,14043.16,4,56172.64,01-06-2024,Wallet,3.1,June,2024,11234.528,28,Wholesale,North,56172.64,0,20.00%,14043.16,2808.632,6,Q2,Jun-24,15728.3392,40444.3,Jun-24
ORD00137,Cookbook,Books,24032.88,1,24032.88,28-10-2024,Wallet,3.8,October,2024,4806.576,9,Retail,West,24032.88,0,20.00%,24032.88,4806.576,10,Q4,Oct-24,2162.9592,21869.92,Oct-24
ORD00138,Face Cream,Beauty,32283.58,3,96850.74,02-01-2025,COD,4.4,January,2025,19370.148,7,Online,South,96850.74,0,20.00%,32283.58,6456.716,1,Q1,Jan-25,6779.5518,90071.19,Jan-25
ORD00139,Lipstick,Beauty,3848.54,1,3848.54,03-02-2025,Net Banking,4.6,February,2025,769.708,16,Retail,North,3848.54,0,20.00%,3848.54,769.708,2,Q1,Feb-25,615.7664,3232.77,Feb-25
ORD00140,Cookware Set,Home & Kitchen,48175.48,1,48175.48,10-07-2024,COD,1.5,July,2024,9635.096,12,Wholesale,South,48175.48,0,20.00%,48175.48,9635.096,7,Q3,Jul-24,5781.0576,42394.42,Jul-24
ORD00141,Tablet,Electronics,2273.01,2,4546.02,01-01-2025,UPI,4.3,January,2025,909.204,26,Online,West,4546.02,0,20.00%,2273.01,454.602,1,Q1,Jan-25,1181.9652,3364.05,Jan-25
ORD00142,Jacket,Clothing,48346.41,3,145039.23,27-01-2025,Debit Card,1.4,January,2025,29007.846,7,Online,West,145039.23,0,20.00%,48346.41,9669.282,1,Q1,Jan-25,10152.7461,134886.48,Jan-25
ORD00143,Table Lamp,Home & Kitchen,8383.86,2,16767.72,19-09-2024,Wallet,3.1,September,2024,3353.544,5,Retail,South,16767.72,0,20.00%,8383.86,1676.772,9,Q3,Sep-24,838.386,15929.33,Sep-24
ORD00144,Shampoo,Beauty,15344.02,1,15344.02,16-05-2024,UPI,4,May,2024,3068.804,7,Wholesale,East,15344.02,0,20.00%,15344.02,3068.804,5,Q2,May-24,1074.0814,14269.94,May-24
ORD00145,Smartphone,Electronics,49142.57,4,196570.28,04-03-2024,UPI,4.9,March,2024,39314.056,9,Retail,South,196570.28,0,20.00%,49142.57,9828.514,3,Q1,Mar-24,17691.3252,178878.95,Mar-24
ORD00146,Self-Help Book,Books,45182.27,5,225911.35,30-03-2024,Debit Card,3.1,March,2024,45182.27,19,Online,West,225911.35,0,20.00%,45182.27,9036.454,3,Q1,Mar-24,42923.1565,182988.19,Mar-24
ORD00147,Jacket,Clothing,18309.06,2,36618.12,11-05-2024,Net Banking,1.9,May,2024,7323.624,18,Retail,South,36618.12,0,20.00%,18309.06,3661.812,5,Q2,May-24,6591.2616,30026.86,May-24
ORD00148,Smartwatch,Electronics,33021.1,4,132084.4,21-08-2024,Debit Card,4.4,August,2024,26416.88,7,Retail,East,132084.4,0,20.00%,33021.1,6604.22,8,Q3,Aug-24,9245.908,122838.49,Aug-24
ORD00149,Jacket,Clothing,42814.17,5,214070.85,27-09-2024,Debit Card,4.2,September,2024,42814.17,5,Wholesale,South,214070.85,0,20.00%,42814.17,8562.834,9,Q3,Sep-24,10703.5425,203367.31,Sep-24
ORD00150,Perfume,Beauty,5293.87,2,10587.74,31-12-2024,Debit Card,2.7,December,2024,2117.548,9,Wholesale,East,10587.74,0,20.00%,5293.87,1058.774,12,Q4,Dec-24,952.8966,9634.84,Dec-24
ORD00151,Fiction Novel,Books,16596.58,5,82982.9,02-02-2025,UPI,2.1,February,2025,16596.58,30,Online,East,82982.9,0,20.00%,16596.58,3319.316,2,Q1,Feb-25,24894.87,58088.03,Feb-25
ORD00152,Sneakers,Clothing,48940.95,1,48940.95,20-02-2024,Net Banking,1,February,2024,9788.19,27,Retail,South,48940.95,0,20.00%,48940.95,9788.19,2,Q1,Feb-24,13214.0565,35726.89,Feb-24
ORD00153,Jeans,Clothing,10059.45,5,50297.25,23-03-2024,COD,4.3,March,2024,10059.45,18,Retail,South,50297.25,0,20.00%,10059.45,2011.89,3,Q1,Mar-24,9053.505,41243.75,Mar-24
ORD00154,Perfume,Beauty,4820.8,1,4820.8,10-12-2024,Wallet,4.3,December,2024,964.16,11,Retail,North,4820.8,0,20.00%,4820.8,964.16,12,Q4,Dec-24,530.288,4290.51,Dec-24
ORD00155,Cookbook,Books,12087.35,4,48349.4,21-11-2024,UPI,2.6,November,2024,9669.88,13,Online,West,48349.4,0,20.00%,12087.35,2417.47,11,Q4,Nov-24,6285.422,42063.98,Nov-24
ORD00156,Face Cream,Beauty,43522.08,5,217610.4,11-09-2024,COD,4.8,September,2024,43522.08,19,Online,East,217610.4,0,20.00%,43522.08,8704.416,9,Q3,Sep-24,41345.976,176264.42,Sep-24
ORD00157,Smartwatch,Electronics,42409.26,1,42409.26,25-08-2024,Debit Card,2,August,2024,8481.852,19,Wholesale,North,42409.26,0,20.00%,42409.26,8481.852,8,Q3,Aug-24,8057.7594,34351.5,Aug-24
ORD00158,Fiction Novel,Books,29882.47,5,149412.35,22-06-2024,Wallet,4.7,June,2024,29882.47,30,Wholesale,South,149412.35,0,20.00%,29882.47,5976.494,6,Q2,Jun-24,44823.705,104588.65,Jun-24
ORD00159,Smartwatch,Electronics,40233.28,5,201166.4,05-01-2025,Wallet,1.9,January,2025,40233.28,14,Wholesale,West,201166.4,0,20.00%,40233.28,8046.656,1,Q1,Jan-25,28163.296,173003.1,Jan-25
ORD00160,Sofa Cover,Home & Kitchen,15357.36,4,61429.44,06-08-2024,Debit Card,1.6,August,2024,12285.888,17,Retail,North,61429.44,0,20.00%,15357.36,3071.472,8,Q3,Aug-24,10443.0048,50986.44,Aug-24
ORD00161,Self-Help Book,Books,10565.57,4,42262.28,04-07-2024,Net Banking,1.5,July,2024,8452.456,23,Retail,East,42262.28,0,20.00%,10565.57,2113.114,7,Q3,Jul-24,9720.3244,32541.96,Jul-24
ORD00162,Fiction Novel,Books,42533.26,4,170133.04,28-11-2024,Debit Card,4.6,November,2024,34026.608,11,Wholesale,North,170133.04,0,20.00%,42533.26,8506.652,11,Q4,Nov-24,18714.6344,151418.41,Nov-24
ORD00163,Mixer Grinder,Home & Kitchen,18426.9,4,73707.6,18-10-2024,Debit Card,4.7,October,2024,14741.52,21,Retail,East,73707.6,0,20.00%,18426.9,3685.38,10,Q4,Oct-24,15478.596,58229,Oct-24
ORD00164,Perfume,Beauty,23369.23,1,23369.23,23-11-2024,Credit Card,1.5,November,2024,4673.846,24,Wholesale,South,23369.23,0,20.00%,23369.23,4673.846,11,Q4,Nov-24,5608.6152,17760.61,Nov-24
ORD00165,Perfume,Beauty,2735.32,5,13676.6,20-12-2024,Wallet,2.6,December,2024,2735.32,8,Online,West,13676.6,0,20.00%,2735.32,547.064,12,Q4,Dec-24,1094.128,12582.47,Dec-24
ORD00166,Laptop,Electronics,48944.01,3,146832.03,04-07-2024,COD,4.2,July,2024,29366.406,9,Wholesale,West,146832.03,0,20.00%,48944.01,9788.802,7,Q3,Jul-24,13214.8827,133617.15,Jul-24
ORD00167,Hair Dryer,Beauty,32590.46,2,65180.92,11-04-2024,Net Banking,2.4,April,2024,13036.184,27,Online,West,65180.92,0,20.00%,32590.46,6518.092,4,Q2,Apr-24,17598.8484,47582.07,Apr-24
ORD00168,Hair Dryer,Beauty,35286.97,2,70573.94,09-10-2024,Net Banking,3.3,October,2024,14114.788,11,Retail,South,70573.94,0,20.00%,35286.97,7057.394,10,Q4,Oct-24,7763.1334,62810.81,Oct-24
ORD00169,Fiction Novel,Books,42881.03,3,128643.09,29-11-2024,Net Banking,4.4,November,2024,25728.618,17,Wholesale,East,128643.09,0,20.00%,42881.03,8576.206,11,Q4,Nov-24,21869.3253,106773.76,Nov-24
ORD00170,Shampoo,Beauty,28246.25,2,56492.5,03-06-2024,Net Banking,2.3,June,2024,11298.5,19,Retail,South,56492.5,0,20.00%,28246.25,5649.25,6,Q2,Jun-24,10733.575,45758.93,Jun-24
ORD00171,Shampoo,Beauty,24619.84,2,49239.68,06-12-2024,Debit Card,4.1,December,2024,9847.936,15,Online,West,49239.68,0,20.00%,24619.84,4923.968,12,Q4,Dec-24,7385.952,41853.73,Dec-24
ORD00172,Dress,Clothing,12083.96,3,36251.88,23-11-2024,Wallet,3,November,2024,7250.376,8,Online,South,36251.88,0,20.00%,12083.96,2416.792,11,Q4,Nov-24,2900.1504,33351.73,Nov-24
ORD00173,Self-Help Book,Books,12214.72,5,61073.6,14-01-2025,UPI,2.1,January,2025,12214.72,17,Online,South,61073.6,0,20.00%,12214.72,2442.944,1,Q1,Jan-25,10382.512,50691.09,Jan-25
ORD00174,Fiction Novel,Books,19386.27,1,19386.27,16-07-2024,COD,4.1,July,2024,3877.254,11,Retail,South,19386.27,0,20.00%,19386.27,3877.254,7,Q3,Jul-24,2132.4897,17253.78,Jul-24
ORD00175,Educational Book,Books,34879.4,3,104638.2,12-04-2024,UPI,2.5,April,2024,20927.64,23,Retail,East,104638.2,0,20.00%,34879.4,6975.88,4,Q2,Apr-24,24066.786,80571.41,Apr-24
ORD00176,Laptop,Electronics,32016.11,5,160080.55,27-09-2024,Debit Card,4.3,September,2024,32016.11,26,Retail,North,160080.55,0,20.00%,32016.11,6403.222,9,Q3,Sep-24,41620.943,118459.61,Sep-24
ORD00177,T-Shirt,Clothing,32264.17,1,32264.17,22-07-2024,Net Banking,4.1,July,2024,6452.834,6,Retail,North,32264.17,0,20.00%,32264.17,6452.834,7,Q3,Jul-24,1935.8502,30328.32,Jul-24
ORD00178,Shampoo,Beauty,30171.74,4,120686.96,29-07-2024,Net Banking,3.8,July,2024,24137.392,14,Online,South,120686.96,0,20.00%,30171.74,6034.348,7,Q3,Jul-24,16896.1744,103790.79,Jul-24
ORD00179,Dress,Clothing,22712.18,5,113560.9,24-01-2025,COD,3.9,January,2025,22712.18,17,Online,North,113560.9,0,20.00%,22712.18,4542.436,1,Q1,Jan-25,19305.353,94255.55,Jan-25
ORD00180,Comic Book,Books,27204.69,1,27204.69,09-02-2025,Debit Card,2.8,February,2025,5440.938,29,Wholesale,North,27204.69,0,20.00%,27204.69,5440.938,2,Q1,Feb-25,7889.3601,19315.33,Feb-25
ORD00181,Educational Book,Books,17353.47,1,17353.47,04-12-2024,Credit Card,2.6,December,2024,3470.694,25,Wholesale,South,17353.47,0,20.00%,17353.47,3470.694,12,Q4,Dec-24,4338.3675,13015.1,Dec-24
ORD00182,Sofa Cover,Home & Kitchen,44882.2,1,44882.2,11-05-2024,COD,1.3,May,2024,8976.44,10,Retail,South,44882.2,0,20.00%,44882.2,8976.44,5,Q2,May-24,4488.22,40393.98,May-24
ORD00183,Sofa Cover,Home & Kitchen,47002.72,3,141008.16,05-03-2024,Debit Card,4.1,March,2024,28201.632,16,Online,West,141008.16,0,20.00%,47002.72,9400.544,3,Q1,Mar-24,22561.3056,118446.85,Mar-24
ORD00184,Lipstick,Beauty,33659.67,4,134638.68,05-07-2024,Wallet,3.3,July,2024,26927.736,16,Online,North,134638.68,0,20.00%,33659.67,6731.934,7,Q3,Jul-24,21542.1888,113096.49,Jul-24
ORD00185,Sofa Cover,Home & Kitchen,13011.44,2,26022.88,25-06-2024,Wallet,4.9,June,2024,5204.576,24,Online,East,26022.88,0,20.00%,13011.44,2602.288,6,Q2,Jun-24,6245.4912,19777.39,Jun-24
ORD00186,Smartphone,Electronics,21990.25,3,65970.75,12-01-2025,Wallet,4.2,January,2025,13194.15,15,Wholesale,South,65970.75,0,20.00%,21990.25,4398.05,1,Q1,Jan-25,9895.6125,56075.14,Jan-25
ORD00187,Perfume,Beauty,1927.38,3,5782.14,31-08-2024,Debit Card,2.9,August,2024,1156.428,30,Wholesale,West,5782.14,0,20.00%,1927.38,385.476,8,Q3,Aug-24,1734.642,4047.5,Aug-24
ORD00188,Laptop,Electronics,21741.53,3,65224.59,02-12-2024,COD,3.5,December,2024,13044.918,27,Online,East,65224.59,0,20.00%,21741.53,4348.306,12,Q4,Dec-24,17610.6393,47613.95,Dec-24
ORD00189,Sneakers,Clothing,23638.72,1,23638.72,24-09-2024,Credit Card,1.5,September,2024,4727.744,29,Online,North,23638.72,0,20.00%,23638.72,4727.744,9,Q3,Sep-24,6855.2288,16783.49,Sep-24
ORD00190,Hair Dryer,Beauty,39372.11,1,39372.11,13-04-2024,Wallet,4.1,April,2024,7874.422,11,Online,West,39372.11,0,20.00%,39372.11,7874.422,4,Q2,Apr-24,4330.9321,35041.18,Apr-24
ORD00191,Fiction Novel,Books,49088.13,4,196352.52,06-03-2024,Wallet,2.3,March,2024,39270.504,5,Wholesale,South,196352.52,0,20.00%,49088.13,9817.626,3,Q1,Mar-24,9817.626,186534.89,Mar-24
ORD00192,Cookware Set,Home & Kitchen,4524.63,3,13573.89,19-12-2024,UPI,2.4,December,2024,2714.778,5,Online,East,13573.89,0,20.00%,4524.63,904.926,12,Q4,Dec-24,678.6945,12895.2,Dec-24
ORD00193,Sneakers,Clothing,1507.01,3,4521.03,02-08-2024,Net Banking,2.5,August,2024,904.206,29,Online,South,4521.03,0,20.00%,1507.01,301.402,8,Q3,Aug-24,1311.0987,3209.93,Aug-24
ORD00194,Tablet,Electronics,39699.85,3,119099.55,14-05-2024,Wallet,3.9,May,2024,23819.91,29,Retail,North,119099.55,0,20.00%,39699.85,7939.97,5,Q2,May-24,34538.8695,84560.68,May-24
ORD00195,Face Cream,Beauty,37494.13,5,187470.65,01-10-2024,COD,1.8,October,2024,37494.13,24,Retail,East,187470.65,0,20.00%,37494.13,7498.826,10,Q4,Oct-24,44992.956,142477.69,Oct-24
ORD00196,Smartphone,Electronics,5850.81,5,29254.05,28-11-2024,COD,1.3,November,2024,5850.81,17,Wholesale,North,29254.05,0,20.00%,5850.81,1170.162,11,Q4,Nov-24,4973.1885,24280.86,Nov-24
ORD00197,Self-Help Book,Books,16448.74,4,65794.96,04-09-2024,Net Banking,4.6,September,2024,13158.992,13,Online,North,65794.96,0,20.00%,16448.74,3289.748,9,Q3,Sep-24,8553.3448,57241.62,Sep-24
ORD00198,Smartwatch,Electronics,11103.44,1,11103.44,09-05-2024,Wallet,1.1,May,2024,2220.688,7,Online,West,11103.44,0,20.00%,11103.44,2220.688,5,Q2,May-24,777.2408,10326.2,May-24
ORD00199,Self-Help Book,Books,34255.39,2,68510.78,18-02-2024,UPI,2.9,February,2024,13702.156,11,Retail,South,68510.78,0,20.00%,34255.39,6851.078,2,Q1,Feb-24,7536.1858,60974.59,Feb-24
ORD00200,Smartwatch,Electronics,18304.18,2,36608.36,30-09-2024,Debit Card,1.6,September,2024,7321.672,10,Wholesale,East,36608.36,0,20.00%,18304.18,3660.836,9,Q3,Sep-24,3660.836,32947.52,Sep-24
ORD00201,Table Lamp,Home & Kitchen,12771.91,2,25543.82,11-07-2024,Wallet,3.2,July,2024,5108.764,12,Retail,North,25543.82,0,20.00%,12771.91,2554.382,7,Q3,Jul-24,3065.2584,22478.56,Jul-24
ORD00202,Comic Book,Books,2275.09,2,4550.18,27-06-2024,Debit Card,1.5,June,2024,910.036,13,Retail,North,4550.18,0,20.00%,2275.09,455.018,6,Q2,Jun-24,591.5234,3958.66,Jun-24
ORD00203,Sneakers,Clothing,16468.59,4,65874.36,24-10-2024,Net Banking,4.5,October,2024,13174.872,9,Retail,East,65874.36,0,20.00%,16468.59,3293.718,10,Q4,Oct-24,5928.6924,59945.67,Oct-24
ORD00204,Cookware Set,Home & Kitchen,4934.99,3,14804.97,16-10-2024,Credit Card,4.6,October,2024,2960.994,5,Retail,North,14804.97,0,20.00%,4934.99,986.998,10,Q4,Oct-24,740.2485,14064.72,Oct-24
ORD00205,Table Lamp,Home & Kitchen,5258.29,5,26291.45,23-08-2024,Wallet,2.5,August,2024,5258.29,23,Online,West,26291.45,0,20.00%,5258.29,1051.658,8,Q3,Aug-24,6047.0335,20244.42,Aug-24
ORD00206,Hair Dryer,Beauty,32580,5,162900,27-03-2024,COD,2.7,March,2024,32580,14,Online,West,162900,0,20.00%,32580,6516,3,Q1,Mar-24,22806,140094,Mar-24
ORD00207,Sofa Cover,Home & Kitchen,40298.9,1,40298.9,17-06-2024,Debit Card,1.2,June,2024,8059.78,16,Retail,West,40298.9,0,20.00%,40298.9,8059.78,6,Q2,Jun-24,6447.824,33851.08,Jun-24
ORD00208,Tablet,Electronics,11236.19,3,33708.57,02-11-2024,COD,2.6,November,2024,6741.714,28,Wholesale,West,33708.57,0,20.00%,11236.19,2247.238,11,Q4,Nov-24,9438.3996,24270.17,Nov-24
ORD00209,Self-Help Book,Books,32537.46,5,162687.3,28-10-2024,UPI,3.4,October,2024,32537.46,19,Wholesale,North,162687.3,0,20.00%,32537.46,6507.492,10,Q4,Oct-24,30910.587,131776.71,Oct-24
ORD00210,Jeans,Clothing,6953.88,1,6953.88,14-05-2024,UPI,2.9,May,2024,1390.776,26,Wholesale,East,6953.88,0,20.00%,6953.88,1390.776,5,Q2,May-24,1808.0088,5145.87,May-24
ORD00211,Bedsheet,Home & Kitchen,32824.05,3,98472.15,02-09-2024,Credit Card,3.6,September,2024,19694.43,28,Wholesale,East,98472.15,0,20.00%,32824.05,6564.81,9,Q3,Sep-24,27572.202,70899.95,Sep-24
ORD00212,Sneakers,Clothing,34459.99,3,103379.97,05-10-2024,Debit Card,1.4,October,2024,20675.994,13,Retail,East,103379.97,0,20.00%,34459.99,6891.998,10,Q4,Oct-24,13439.3961,89940.57,Oct-24
ORD00213,Educational Book,Books,13608.58,3,40825.74,05-04-2024,UPI,4.6,April,2024,8165.148,24,Online,East,40825.74,0,20.00%,13608.58,2721.716,4,Q2,Apr-24,9798.1776,31027.56,Apr-24
ORD00214,Mixer Grinder,Home & Kitchen,32630.83,2,65261.66,22-12-2024,UPI,4.7,December,2024,13052.332,21,Wholesale,South,65261.66,0,20.00%,32630.83,6526.166,12,Q4,Dec-24,13704.9486,51556.71,Dec-24
ORD00215,Laptop,Electronics,24818.77,4,99275.08,14-11-2024,Debit Card,2.3,November,2024,19855.016,21,Retail,East,99275.08,0,20.00%,24818.77,4963.754,11,Q4,Nov-24,20847.7668,78427.31,Nov-24
ORD00216,Cookbook,Books,36645.35,3,109936.05,26-12-2024,Debit Card,2.5,December,2024,21987.21,30,Wholesale,South,109936.05,0,20.00%,36645.35,7329.07,12,Q4,Dec-24,32980.815,76955.24,Dec-24
ORD00217,Jeans,Clothing,25668.96,3,77006.88,08-06-2024,Debit Card,4.8,June,2024,15401.376,24,Wholesale,South,77006.88,0,20.00%,25668.96,5133.792,6,Q2,Jun-24,18481.6512,58525.23,Jun-24
ORD00218,Dress,Clothing,44241.68,4,176966.72,18-09-2024,COD,1.4,September,2024,35393.344,16,Retail,West,176966.72,0,20.00%,44241.68,8848.336,9,Q3,Sep-24,28314.6752,148652.04,Sep-24
ORD00219,Headphones,Electronics,39749.19,1,39749.19,19-07-2024,COD,3.5,July,2024,7949.838,11,Online,South,39749.19,0,20.00%,39749.19,7949.838,7,Q3,Jul-24,4372.4109,35376.78,Jul-24
ORD00220,Tablet,Electronics,37578.46,2,75156.92,08-06-2024,Net Banking,4.4,June,2024,15031.384,6,Online,North,75156.92,0,20.00%,37578.46,7515.692,6,Q2,Jun-24,4509.4152,70647.5,Jun-24
ORD00221,Smartphone,Electronics,37203.65,4,148814.6,14-05-2024,Wallet,3.5,May,2024,29762.92,7,Retail,South,148814.6,0,20.00%,37203.65,7440.73,5,Q2,May-24,10417.022,138397.58,May-24
ORD00222,Self-Help Book,Books,22851.63,1,22851.63,14-05-2024,Wallet,1,May,2024,4570.326,21,Online,West,22851.63,0,20.00%,22851.63,4570.326,5,Q2,May-24,4798.8423,18052.79,May-24
ORD00223,Hair Dryer,Beauty,27627.84,4,110511.36,30-03-2024,UPI,1.8,March,2024,22102.272,9,Retail,South,110511.36,0,20.00%,27627.84,5525.568,3,Q1,Mar-24,9946.0224,100565.34,Mar-24
ORD00224,Self-Help Book,Books,31333.95,3,94001.85,21-08-2024,Debit Card,1.7,August,2024,18800.37,21,Retail,North,94001.85,0,20.00%,31333.95,6266.79,8,Q3,Aug-24,19740.3885,74261.46,Aug-24
ORD00225,Bedsheet,Home & Kitchen,30911.44,5,154557.2,06-04-2024,Debit Card,3,April,2024,30911.44,28,Retail,North,154557.2,0,20.00%,30911.44,6182.288,4,Q2,Apr-24,43276.016,111281.18,Apr-24
ORD00226,Laptop,Electronics,11518.23,1,11518.23,30-01-2025,Debit Card,4.4,January,2025,2303.646,21,Online,North,11518.23,0,20.00%,11518.23,2303.646,1,Q1,Jan-25,2418.8283,9099.4,Jan-25
ORD00227,Jeans,Clothing,43304.55,5,216522.75,28-12-2024,UPI,2.6,December,2024,43304.55,21,Retail,West,216522.75,0,20.00%,43304.55,8660.91,12,Q4,Dec-24,45469.7775,171052.97,Dec-24
ORD00228,Self-Help Book,Books,3710.07,3,11130.21,20-02-2024,Credit Card,4.2,February,2024,2226.042,6,Wholesale,West,11130.21,0,20.00%,3710.07,742.014,2,Q1,Feb-24,667.8126,10462.4,Feb-24
ORD00229,Perfume,Beauty,34621.21,2,69242.42,06-01-2025,Wallet,1.8,January,2025,13848.484,6,Online,East,69242.42,0,20.00%,34621.21,6924.242,1,Q1,Jan-25,4154.5452,65087.87,Jan-25
ORD00230,Headphones,Electronics,41742.29,5,208711.45,15-07-2024,COD,2.6,July,2024,41742.29,26,Online,West,208711.45,0,20.00%,41742.29,8348.458,7,Q3,Jul-24,54264.977,154446.47,Jul-24
ORD00231,Bedsheet,Home & Kitchen,46858.63,1,46858.63,02-11-2024,Debit Card,3.5,November,2024,9371.726,27,Online,North,46858.63,0,20.00%,46858.63,9371.726,11,Q4,Nov-24,12651.8301,34206.8,Nov-24
ORD00232,Smartwatch,Electronics,5413.09,1,5413.09,20-05-2024,UPI,3.4,May,2024,1082.618,9,Online,North,5413.09,0,20.00%,5413.09,1082.618,5,Q2,May-24,487.1781,4925.91,May-24
ORD00233,Laptop,Electronics,5880.45,1,5880.45,09-09-2024,Net Banking,2,September,2024,1176.09,5,Wholesale,West,5880.45,0,20.00%,5880.45,1176.09,9,Q3,Sep-24,294.0225,5586.43,Sep-24
ORD00234,Comic Book,Books,35665.26,3,106995.78,30-03-2024,Wallet,1.2,March,2024,21399.156,5,Online,South,106995.78,0,20.00%,35665.26,7133.052,3,Q1,Mar-24,5349.789,101645.99,Mar-24
ORD00235,Headphones,Electronics,42981.89,5,214909.45,02-01-2025,Credit Card,1.8,January,2025,42981.89,23,Online,West,214909.45,0,20.00%,42981.89,8596.378,1,Q1,Jan-25,49429.1735,165480.28,Jan-25
ORD00236,Comic Book,Books,25629.88,3,76889.64,03-09-2024,Debit Card,2.9,September,2024,15377.928,6,Retail,West,76889.64,0,20.00%,25629.88,5125.976,9,Q3,Sep-24,4613.3784,72276.26,Sep-24
ORD00237,Perfume,Beauty,22475.94,4,89903.76,13-02-2024,Debit Card,3.5,February,2024,17980.752,25,Online,North,89903.76,0,20.00%,22475.94,4495.188,2,Q1,Feb-24,22475.94,67427.82,Feb-24
ORD00238,Sofa Cover,Home & Kitchen,33250.7,5,166253.5,19-10-2024,Wallet,4.3,October,2024,33250.7,16,Wholesale,East,166253.5,0,20.00%,33250.7,6650.14,10,Q4,Oct-24,26600.56,139652.94,Oct-24
ORD00239,Cookbook,Books,45045.03,5,225225.15,02-01-2025,Net Banking,3.8,January,2025,45045.03,30,Wholesale,North,225225.15,0,20.00%,45045.03,9009.006,1,Q1,Jan-25,67567.545,157657.61,Jan-25
ORD00240,Bedsheet,Home & Kitchen,3955.86,5,19779.3,18-06-2024,Net Banking,4.7,June,2024,3955.86,10,Wholesale,East,19779.3,0,20.00%,3955.86,791.172,6,Q2,Jun-24,1977.93,17801.37,Jun-24
ORD00241,Perfume,Beauty,28169.11,5,140845.55,04-05-2024,UPI,2.7,May,2024,28169.11,27,Wholesale,North,140845.55,0,20.00%,28169.11,5633.822,5,Q2,May-24,38028.2985,102817.25,May-24
ORD00242,Face Cream,Beauty,42785.51,4,171142.04,13-11-2024,COD,1.7,November,2024,34228.408,8,Online,West,171142.04,0,20.00%,42785.51,8557.102,11,Q4,Nov-24,13691.3632,157450.68,Nov-24
ORD00243,Smartphone,Electronics,25614.35,2,51228.7,12-08-2024,Wallet,3.5,August,2024,10245.74,27,Online,North,51228.7,0,20.00%,25614.35,5122.87,8,Q3,Aug-24,13831.749,37396.95,Aug-24
ORD00244,Mixer Grinder,Home & Kitchen,7771.58,5,38857.9,17-08-2024,Debit Card,3.6,August,2024,7771.58,15,Wholesale,North,38857.9,0,20.00%,7771.58,1554.316,8,Q3,Aug-24,5828.685,33029.22,Aug-24
ORD00245,Cookbook,Books,31059.47,3,93178.41,15-05-2024,Wallet,4.8,May,2024,18635.682,28,Wholesale,North,93178.41,0,20.00%,31059.47,6211.894,5,Q2,May-24,26089.9548,67088.46,May-24
ORD00246,Educational Book,Books,14506.11,5,72530.55,16-06-2024,Debit Card,3.5,June,2024,14506.11,21,Online,West,72530.55,0,20.00%,14506.11,2901.222,6,Q2,Jun-24,15231.4155,57299.13,Jun-24
ORD00247,Smartwatch,Electronics,16272.38,3,48817.14,15-06-2024,Debit Card,1.4,June,2024,9763.428,10,Wholesale,West,48817.14,0,20.00%,16272.38,3254.476,6,Q2,Jun-24,4881.714,43935.43,Jun-24
ORD00248,T-Shirt,Clothing,29222.92,3,87668.76,16-10-2024,Debit Card,2.7,October,2024,17533.752,28,Retail,West,87668.76,0,20.00%,29222.92,5844.584,10,Q4,Oct-24,24547.2528,63121.51,Oct-24
ORD00249,Educational Book,Books,1483.5,5,7417.5,04-11-2024,Debit Card,4.3,November,2024,1483.5,9,Wholesale,West,7417.5,0,20.00%,1483.5,296.7,11,Q4,Nov-24,667.575,6749.93,Nov-24
ORD00250,Self-Help Book,Books,35629.55,2,71259.1,01-02-2025,Wallet,2,February,2025,14251.82,24,Wholesale,East,71259.1,0,20.00%,35629.55,7125.91,2,Q1,Feb-25,17102.184,54156.92,Feb-25
ORD00251,Jacket,Clothing,1987.98,4,7951.92,23-02-2024,UPI,3.3,February,2024,1590.384,6,Retail,East,7951.92,0,20.00%,1987.98,397.596,2,Q1,Feb-24,477.1152,7474.8,Feb-24
ORD00252,Educational Book,Books,37590.44,4,150361.76,28-03-2024,Wallet,1.8,March,2024,30072.352,10,Retail,South,150361.76,0,20.00%,37590.44,7518.088,3,Q1,Mar-24,15036.176,135325.58,Mar-24
ORD00253,Mixer Grinder,Home & Kitchen,31759.49,4,127037.96,11-12-2024,UPI,2,December,2024,25407.592,26,Online,West,127037.96,0,20.00%,31759.49,6351.898,12,Q4,Dec-24,33029.8696,94008.09,Dec-24
ORD00254,Shampoo,Beauty,18787.05,4,75148.2,27-01-2025,Credit Card,1.1,January,2025,15029.64,15,Online,East,75148.2,0,20.00%,18787.05,3757.41,1,Q1,Jan-25,11272.23,63875.97,Jan-25
ORD00255,Educational Book,Books,17066.16,1,17066.16,15-09-2024,Wallet,2.8,September,2024,3413.232,20,Retail,North,17066.16,0,20.00%,17066.16,3413.232,9,Q3,Sep-24,3413.232,13652.93,Sep-24
ORD00256,Jacket,Clothing,15068.72,4,60274.88,23-03-2024,Debit Card,1.4,March,2024,12054.976,20,Retail,West,60274.88,0,20.00%,15068.72,3013.744,3,Q1,Mar-24,12054.976,48219.9,Mar-24
ORD00257,Smartphone,Electronics,44334.11,3,133002.33,24-02-2024,Wallet,2.6,February,2024,26600.466,5,Online,South,133002.33,0,20.00%,44334.11,8866.822,2,Q1,Feb-24,6650.1165,126352.21,Feb-24
ORD00258,Smartphone,Electronics,11183.75,1,11183.75,15-11-2024,Credit Card,4.9,November,2024,2236.75,13,Wholesale,South,11183.75,0,20.00%,11183.75,2236.75,11,Q4,Nov-24,1453.8875,9729.86,Nov-24
ORD00259,Cookware Set,Home & Kitchen,2923.95,5,14619.75,16-08-2024,Net Banking,1.1,August,2024,2923.95,10,Retail,South,14619.75,0,20.00%,2923.95,584.79,8,Q3,Aug-24,1461.975,13157.78,Aug-24
ORD00260,Shampoo,Beauty,7339.66,2,14679.32,29-11-2024,Net Banking,1.1,November,2024,2935.864,20,Online,North,14679.32,0,20.00%,7339.66,1467.932,11,Q4,Nov-24,2935.864,11743.46,Nov-24
ORD00261,Table Lamp,Home & Kitchen,41405.37,2,82810.74,06-10-2024,Wallet,4.6,October,2024,16562.148,7,Wholesale,East,82810.74,0,20.00%,41405.37,8281.074,10,Q4,Oct-24,5796.7518,77013.99,Oct-24
ORD00262,Mixer Grinder,Home & Kitchen,36114.38,1,36114.38,01-09-2024,Net Banking,4.6,September,2024,7222.876,24,Retail,North,36114.38,0,20.00%,36114.38,7222.876,9,Q3,Sep-24,8667.4512,27446.93,Sep-24
ORD00263,Smartphone,Electronics,19915.59,5,99577.95,06-09-2024,COD,1.2,September,2024,19915.59,8,Wholesale,West,99577.95,0,20.00%,19915.59,3983.118,9,Q3,Sep-24,7966.236,91611.71,Sep-24
ORD00264,Smartphone,Electronics,18366.97,4,73467.88,22-05-2024,COD,1.2,May,2024,14693.576,23,Online,South,73467.88,0,20.00%,18366.97,3673.394,5,Q2,May-24,16897.6124,56570.27,May-24
ORD00265,Smartphone,Electronics,8563.14,2,17126.28,03-03-2024,COD,3.1,March,2024,3425.256,30,Retail,North,17126.28,0,20.00%,8563.14,1712.628,3,Q1,Mar-24,5137.884,11988.4,Mar-24
ORD00266,Hair Dryer,Beauty,40461.79,1,40461.79,19-05-2024,Credit Card,4.9,May,2024,8092.358,7,Wholesale,North,40461.79,0,20.00%,40461.79,8092.358,5,Q2,May-24,2832.3253,37629.46,May-24
ORD00267,Jacket,Clothing,6943.4,5,34717,16-07-2024,Debit Card,1.5,July,2024,6943.4,23,Retail,East,34717,0,20.00%,6943.4,1388.68,7,Q3,Jul-24,7984.91,26732.09,Jul-24
ORD00268,Shampoo,Beauty,14517.08,1,14517.08,19-05-2024,UPI,3,May,2024,2903.416,24,Wholesale,East,14517.08,0,20.00%,14517.08,2903.416,5,Q2,May-24,3484.0992,11032.98,May-24
ORD00269,Tablet,Electronics,4248.25,5,21241.25,19-07-2024,Wallet,4.1,July,2024,4248.25,11,Online,South,21241.25,0,20.00%,4248.25,849.65,7,Q3,Jul-24,2336.5375,18904.71,Jul-24
ORD00270,Mixer Grinder,Home & Kitchen,43118.73,5,215593.65,12-12-2024,Debit Card,3.1,December,2024,43118.73,24,Online,North,215593.65,0,20.00%,43118.73,8623.746,12,Q4,Dec-24,51742.476,163851.17,Dec-24
ORD00271,Dress,Clothing,10086.76,2,20173.52,26-03-2024,Wallet,1.9,March,2024,4034.704,13,Retail,North,20173.52,0,20.00%,10086.76,2017.352,3,Q1,Mar-24,2622.5576,17550.96,Mar-24
ORD00272,Face Cream,Beauty,35373.5,4,141494,09-08-2024,Credit Card,2.9,August,2024,28298.8,5,Wholesale,East,141494,0,20.00%,35373.5,7074.7,8,Q3,Aug-24,7074.7,134419.3,Aug-24
ORD00273,Table Lamp,Home & Kitchen,43002.68,3,129008.04,05-04-2024,UPI,4.2,April,2024,25801.608,12,Retail,North,129008.04,0,20.00%,43002.68,8600.536,4,Q2,Apr-24,15480.9648,113527.08,Apr-24
ORD00274,Laptop,Electronics,46388.81,1,46388.81,21-02-2024,COD,4.4,February,2024,9277.762,11,Retail,North,46388.81,0,20.00%,46388.81,9277.762,2,Q1,Feb-24,5102.7691,41286.04,Feb-24
ORD00275,Cookbook,Books,47384.51,3,142153.53,29-05-2024,Net Banking,1.5,May,2024,28430.706,22,Wholesale,North,142153.53,0,20.00%,47384.51,9476.902,5,Q2,May-24,31273.7766,110879.75,May-24
ORD00276,Jacket,Clothing,15826.47,2,31652.94,13-07-2024,Net Banking,4.4,July,2024,6330.588,12,Wholesale,East,31652.94,0,20.00%,15826.47,3165.294,7,Q3,Jul-24,3798.3528,27854.59,Jul-24
ORD00277,Shampoo,Beauty,33927.57,5,169637.85,02-02-2025,Wallet,2.6,February,2025,33927.57,5,Wholesale,South,169637.85,0,20.00%,33927.57,6785.514,2,Q1,Feb-25,8481.8925,161155.96,Feb-25
ORD00278,Tablet,Electronics,27400.84,1,27400.84,07-02-2025,Net Banking,3.6,February,2025,5480.168,15,Online,West,27400.84,0,20.00%,27400.84,5480.168,2,Q1,Feb-25,4110.126,23290.71,Feb-25
ORD00279,Tablet,Electronics,37684.28,4,150737.12,02-04-2024,COD,3.2,April,2024,30147.424,29,Retail,South,150737.12,0,20.00%,37684.28,7536.856,4,Q2,Apr-24,43713.7648,107023.36,Apr-24
ORD00280,Sneakers,Clothing,22968.18,4,91872.72,23-01-2025,Net Banking,4.1,January,2025,18374.544,29,Retail,West,91872.72,0,20.00%,22968.18,4593.636,1,Q1,Jan-25,26643.0888,65229.63,Jan-25
ORD00281,Sofa Cover,Home & Kitchen,43444.93,1,43444.93,10-01-2025,Wallet,4,January,2025,8688.986,22,Online,North,43444.93,0,20.00%,43444.93,8688.986,1,Q1,Jan-25,9557.8846,33887.05,Jan-25
ORD00282,Headphones,Electronics,36083.22,3,108249.66,25-07-2024,Credit Card,2.9,July,2024,21649.932,27,Wholesale,South,108249.66,0,20.00%,36083.22,7216.644,7,Q3,Jul-24,29227.4082,79022.25,Jul-24
ORD00283,Cookware Set,Home & Kitchen,43043.82,5,215219.1,09-11-2024,Wallet,4.1,November,2024,43043.82,14,Online,West,215219.1,0,20.00%,43043.82,8608.764,11,Q4,Nov-24,30130.674,185088.43,Nov-24
ORD00284,Smartwatch,Electronics,1517.63,4,6070.52,10-11-2024,COD,2,November,2024,1214.104,7,Online,East,6070.52,0,20.00%,1517.63,303.526,11,Q4,Nov-24,424.9364,5645.58,Nov-24
ORD00285,Fiction Novel,Books,1626.1,5,8130.5,15-11-2024,Credit Card,2.8,November,2024,1626.1,11,Online,East,8130.5,0,20.00%,1626.1,325.22,11,Q4,Nov-24,894.355,7236.15,Nov-24
ORD00286,T-Shirt,Clothing,40384.62,1,40384.62,27-04-2024,UPI,4.2,April,2024,8076.924,20,Retail,South,40384.62,0,20.00%,40384.62,8076.924,4,Q2,Apr-24,8076.924,32307.7,Apr-24
ORD00287,T-Shirt,Clothing,37295.08,1,37295.08,06-02-2025,UPI,4,February,2025,7459.016,30,Online,South,37295.08,0,20.00%,37295.08,7459.016,2,Q1,Feb-25,11188.524,26106.56,Feb-25
ORD00288,Sneakers,Clothing,13915.5,3,41746.5,02-07-2024,Net Banking,3.9,July,2024,8349.3,20,Retail,North,41746.5,0,20.00%,13915.5,2783.1,7,Q3,Jul-24,8349.3,33397.2,Jul-24
ORD00289,Smartphone,Electronics,23625.05,2,47250.1,07-07-2024,Debit Card,2,July,2024,9450.02,29,Retail,South,47250.1,0,20.00%,23625.05,4725.01,7,Q3,Jul-24,13702.529,33547.57,Jul-24
ORD00290,Mixer Grinder,Home & Kitchen,464.18,3,1392.54,02-08-2024,Debit Card,4.1,August,2024,278.508,24,Retail,North,1392.54,0,20.00%,464.18,92.836,8,Q3,Aug-24,334.2096,1058.33,Aug-24
ORD00291,T-Shirt,Clothing,26667.15,2,53334.3,05-11-2024,Credit Card,1.9,November,2024,10666.86,21,Wholesale,North,53334.3,0,20.00%,26667.15,5333.43,11,Q4,Nov-24,11200.203,42134.1,Nov-24
ORD00292,Fiction Novel,Books,29093.02,2,58186.04,01-11-2024,Debit Card,3.7,November,2024,11637.208,6,Retail,East,58186.04,0,20.00%,29093.02,5818.604,11,Q4,Nov-24,3491.1624,54694.88,Nov-24
ORD00293,Jacket,Clothing,44770.65,3,134311.95,12-12-2024,Wallet,3.5,December,2024,26862.39,5,Retail,East,134311.95,0,20.00%,44770.65,8954.13,12,Q4,Dec-24,6715.5975,127596.35,Dec-24
ORD00294,Bedsheet,Home & Kitchen,32749.9,1,32749.9,02-08-2024,Net Banking,3.8,August,2024,6549.98,20,Wholesale,West,32749.9,0,20.00%,32749.9,6549.98,8,Q3,Aug-24,6549.98,26199.92,Aug-24
ORD00295,Educational Book,Books,4990.66,3,14971.98,30-05-2024,Wallet,4.6,May,2024,2994.396,16,Retail,East,14971.98,0,20.00%,4990.66,998.132,5,Q2,May-24,2395.5168,12576.46,May-24
ORD00296,T-Shirt,Clothing,11044.89,3,33134.67,25-11-2024,Wallet,1.5,November,2024,6626.934,9,Online,East,33134.67,0,20.00%,11044.89,2208.978,11,Q4,Nov-24,2982.1203,30152.55,Nov-24
ORD00297,Fiction Novel,Books,46032.16,5,230160.8,08-12-2024,Debit Card,4.4,December,2024,46032.16,9,Online,South,230160.8,0,20.00%,46032.16,9206.432,12,Q4,Dec-24,20714.472,209446.33,Dec-24
ORD00298,Educational Book,Books,43965.67,3,131897.01,25-08-2024,Debit Card,1.1,August,2024,26379.402,27,Retail,East,131897.01,0,20.00%,43965.67,8793.134,8,Q3,Aug-24,35612.1927,96284.82,Aug-24
ORD00299,T-Shirt,Clothing,6037.98,2,12075.96,25-05-2024,COD,3.6,May,2024,2415.192,13,Wholesale,West,12075.96,0,20.00%,6037.98,1207.596,5,Q2,May-24,1569.8748,10506.09,May-24
ORD00300,Comic Book,Books,22747.82,3,68243.46,20-09-2024,Debit Card,4.5,September,2024,13648.692,13,Online,South,68243.46,0,20.00%,22747.82,4549.564,9,Q3,Sep-24,8871.6498,59371.81,Sep-24
ORD00301,Headphones,Electronics,26615.92,2,53231.84,21-06-2024,COD,2.3,June,2024,10646.368,7,Wholesale,West,53231.84,0,20.00%,26615.92,5323.184,6,Q2,Jun-24,3726.2288,49505.61,Jun-24
ORD00302,Face Cream,Beauty,48234.31,2,96468.62,08-07-2024,Debit Card,1.8,July,2024,19293.724,23,Wholesale,East,96468.62,0,20.00%,48234.31,9646.862,7,Q3,Jul-24,22187.7826,74280.84,Jul-24
ORD00303,Table Lamp,Home & Kitchen,24172.56,1,24172.56,20-12-2024,UPI,3.1,December,2024,4834.512,20,Online,West,24172.56,0,20.00%,24172.56,4834.512,12,Q4,Dec-24,4834.512,19338.05,Dec-24
ORD00304,Fiction Novel,Books,16385.37,3,49156.11,24-02-2024,Wallet,1.6,February,2024,9831.222,20,Wholesale,South,49156.11,0,20.00%,16385.37,3277.074,2,Q1,Feb-24,9831.222,39324.89,Feb-24
ORD00305,T-Shirt,Clothing,29527.22,3,88581.66,30-03-2024,COD,1.2,March,2024,17716.332,7,Online,North,88581.66,0,20.00%,29527.22,5905.444,3,Q1,Mar-24,6200.7162,82380.94,Mar-24
ORD00306,Table Lamp,Home & Kitchen,42516.65,3,127549.95,28-04-2024,Net Banking,1.8,April,2024,25509.99,24,Wholesale,West,127549.95,0,20.00%,42516.65,8503.33,4,Q2,Apr-24,30611.988,96937.96,Apr-24
ORD00307,Comic Book,Books,27175.37,5,135876.85,02-08-2024,COD,3.9,August,2024,27175.37,28,Online,West,135876.85,0,20.00%,27175.37,5435.074,8,Q3,Aug-24,38045.518,97831.33,Aug-24
ORD00308,Dress,Clothing,25379.68,4,101518.72,06-10-2024,Wallet,3.5,October,2024,20303.744,26,Retail,South,101518.72,0,20.00%,25379.68,5075.936,10,Q4,Oct-24,26394.8672,75123.85,Oct-24
ORD00309,Educational Book,Books,29568.18,3,88704.54,12-01-2025,Credit Card,1.3,January,2025,17740.908,28,Online,South,88704.54,0,20.00%,29568.18,5913.636,1,Q1,Jan-25,24837.2712,63867.27,Jan-25
ORD00310,Fiction Novel,Books,23562.27,2,47124.54,23-12-2024,Credit Card,4.9,December,2024,9424.908,5,Online,West,47124.54,0,20.00%,23562.27,4712.454,12,Q4,Dec-24,2356.227,44768.31,Dec-24
ORD00311,Dress,Clothing,19134.26,2,38268.52,12-02-2024,COD,4.6,February,2024,7653.704,28,Online,East,38268.52,0,20.00%,19134.26,3826.852,2,Q1,Feb-24,10715.1856,27553.33,Feb-24
ORD00312,Fiction Novel,Books,10176.11,5,50880.55,17-08-2024,Net Banking,2.1,August,2024,10176.11,24,Online,West,50880.55,0,20.00%,10176.11,2035.222,8,Q3,Aug-24,12211.332,38669.22,Aug-24
ORD00313,Laptop,Electronics,48177.16,3,144531.48,05-03-2024,Net Banking,1.7,March,2024,28906.296,15,Wholesale,South,144531.48,0,20.00%,48177.16,9635.432,3,Q1,Mar-24,21679.722,122851.76,Mar-24
ORD00314,Mixer Grinder,Home & Kitchen,6119.31,5,30596.55,07-03-2024,Net Banking,1.5,March,2024,6119.31,21,Retail,North,30596.55,0,20.00%,6119.31,1223.862,3,Q1,Mar-24,6425.2755,24171.27,Mar-24
ORD00315,Shampoo,Beauty,6015.13,1,6015.13,26-08-2024,Credit Card,1.9,August,2024,1203.026,12,Online,North,6015.13,0,20.00%,6015.13,1203.026,8,Q3,Aug-24,721.8156,5293.31,Aug-24
ORD00316,T-Shirt,Clothing,41198.84,4,164795.36,08-04-2024,Credit Card,3,April,2024,32959.072,8,Wholesale,East,164795.36,0,20.00%,41198.84,8239.768,4,Q2,Apr-24,13183.6288,151611.73,Apr-24
ORD00317,Cookbook,Books,11527.7,3,34583.1,30-11-2024,Net Banking,1.8,November,2024,6916.62,10,Retail,West,34583.1,0,20.00%,11527.7,2305.54,11,Q4,Nov-24,3458.31,31124.79,Nov-24
ORD00318,Smartwatch,Electronics,27749.19,4,110996.76,22-01-2025,Wallet,2.5,January,2025,22199.352,12,Retail,North,110996.76,0,20.00%,27749.19,5549.838,1,Q1,Jan-25,13319.6112,97677.15,Jan-25
ORD00319,Smartphone,Electronics,14014.82,1,14014.82,23-11-2024,Credit Card,4.6,November,2024,2802.964,24,Retail,West,14014.82,0,20.00%,14014.82,2802.964,11,Q4,Nov-24,3363.5568,10651.26,Nov-24
ORD00320,Smartphone,Electronics,23293.14,2,46586.28,08-06-2024,UPI,4.1,June,2024,9317.256,7,Retail,South,46586.28,0,20.00%,23293.14,4658.628,6,Q2,Jun-24,3261.0396,43325.24,Jun-24
ORD00321,Sneakers,Clothing,38592.49,5,192962.45,13-10-2024,Wallet,3.2,October,2024,38592.49,20,Online,North,192962.45,0,20.00%,38592.49,7718.498,10,Q4,Oct-24,38592.49,154369.96,Oct-24
ORD00322,Smartphone,Electronics,39898.86,1,39898.86,03-06-2024,Wallet,1.8,June,2024,7979.772,29,Online,East,39898.86,0,20.00%,39898.86,7979.772,6,Q2,Jun-24,11570.6694,28328.19,Jun-24
ORD00323,Educational Book,Books,39842.5,2,79685,10-10-2024,Debit Card,4.4,October,2024,15937,7,Wholesale,South,79685,0,20.00%,39842.5,7968.5,10,Q4,Oct-24,5577.95,74107.05,Oct-24
ORD00324,Fiction Novel,Books,30395.25,1,30395.25,07-04-2024,COD,1.1,April,2024,6079.05,29,Wholesale,East,30395.25,0,20.00%,30395.25,6079.05,4,Q2,Apr-24,8814.6225,21580.63,Apr-24
ORD00325,Face Cream,Beauty,36560.32,5,182801.6,01-01-2025,Net Banking,2.5,January,2025,36560.32,22,Wholesale,South,182801.6,0,20.00%,36560.32,7312.064,1,Q1,Jan-25,40216.352,142585.25,Jan-25
ORD00326,Cookware Set,Home & Kitchen,44248.09,1,44248.09,19-02-2024,Net Banking,3.1,February,2024,8849.618,18,Retail,North,44248.09,0,20.00%,44248.09,8849.618,2,Q1,Feb-24,7964.6562,36283.43,Feb-24
ORD00327,Tablet,Electronics,18386.26,1,18386.26,06-10-2024,Credit Card,1.4,October,2024,3677.252,22,Retail,East,18386.26,0,20.00%,18386.26,3677.252,10,Q4,Oct-24,4044.9772,14341.28,Oct-24
ORD00328,Jacket,Clothing,33683.4,1,33683.4,08-01-2025,Debit Card,3.8,January,2025,6736.68,6,Online,East,33683.4,0,20.00%,33683.4,6736.68,1,Q1,Jan-25,2021.004,31662.4,Jan-25
ORD00329,Hair Dryer,Beauty,49561.57,3,148684.71,03-04-2024,Net Banking,3.5,April,2024,29736.942,26,Retail,South,148684.71,0,20.00%,49561.57,9912.314,4,Q2,Apr-24,38658.0246,110026.69,Apr-24
ORD00330,Face Cream,Beauty,18551.65,2,37103.3,30-03-2024,Credit Card,2.6,March,2024,7420.66,7,Retail,East,37103.3,0,20.00%,18551.65,3710.33,3,Q1,Mar-24,2597.231,34506.07,Mar-24
ORD00331,Headphones,Electronics,12249.35,5,61246.75,29-01-2025,Wallet,2.9,January,2025,12249.35,20,Retail,South,61246.75,0,20.00%,12249.35,2449.87,1,Q1,Jan-25,12249.35,48997.4,Jan-25
ORD00332,Jeans,Clothing,35305.39,1,35305.39,10-06-2024,UPI,2.2,June,2024,7061.078,13,Wholesale,South,35305.39,0,20.00%,35305.39,7061.078,6,Q2,Jun-24,4589.7007,30715.69,Jun-24
ORD00333,Smartwatch,Electronics,16790.46,5,83952.3,27-08-2024,Net Banking,4.3,August,2024,16790.46,8,Wholesale,South,83952.3,0,20.00%,16790.46,3358.092,8,Q3,Aug-24,6716.184,77236.12,Aug-24
ORD00334,Jacket,Clothing,26096.96,4,104387.84,28-03-2024,Debit Card,3.5,March,2024,20877.568,5,Online,South,104387.84,0,20.00%,26096.96,5219.392,3,Q1,Mar-24,5219.392,99168.45,Mar-24
ORD00335,Self-Help Book,Books,34361.96,5,171809.8,22-03-2024,Net Banking,4.4,March,2024,34361.96,8,Retail,North,171809.8,0,20.00%,34361.96,6872.392,3,Q1,Mar-24,13744.784,158065.02,Mar-24
ORD00336,Table Lamp,Home & Kitchen,46079.49,5,230397.45,28-02-2024,Net Banking,3.7,February,2024,46079.49,5,Retail,South,230397.45,0,20.00%,46079.49,9215.898,2,Q1,Feb-24,11519.8725,218877.58,Feb-24
ORD00337,Mixer Grinder,Home & Kitchen,47053.44,2,94106.88,05-06-2024,COD,3,June,2024,18821.376,18,Online,West,94106.88,0,20.00%,47053.44,9410.688,6,Q2,Jun-24,16939.2384,77167.64,Jun-24
ORD00338,Tablet,Electronics,18905.94,3,56717.82,14-08-2024,UPI,4.5,August,2024,11343.564,25,Retail,East,56717.82,0,20.00%,18905.94,3781.188,8,Q3,Aug-24,14179.455,42538.37,Aug-24
ORD00339,Hair Dryer,Beauty,30977.18,3,92931.54,08-11-2024,UPI,3.3,November,2024,18586.308,20,Retail,West,92931.54,0,20.00%,30977.18,6195.436,11,Q4,Nov-24,18586.308,74345.23,Nov-24
ORD00340,Table Lamp,Home & Kitchen,41841.57,2,83683.14,27-05-2024,COD,1.1,May,2024,16736.628,24,Wholesale,North,83683.14,0,20.00%,41841.57,8368.314,5,Q2,May-24,20083.9536,63599.19,May-24
ORD00341,Laptop,Electronics,4277.15,4,17108.6,12-08-2024,COD,2.1,August,2024,3421.72,28,Online,West,17108.6,0,20.00%,4277.15,855.43,8,Q3,Aug-24,4790.408,12318.19,Aug-24
ORD00342,Sofa Cover,Home & Kitchen,15648.85,2,31297.7,03-02-2025,Credit Card,4.4,February,2025,6259.54,12,Online,East,31297.7,0,20.00%,15648.85,3129.77,2,Q1,Feb-25,3755.724,27541.98,Feb-25
ORD00343,Headphones,Electronics,26992.72,3,80978.16,15-02-2024,Wallet,1.1,February,2024,16195.632,11,Online,West,80978.16,0,20.00%,26992.72,5398.544,2,Q1,Feb-24,8907.5976,72070.56,Feb-24
ORD00344,Headphones,Electronics,49586.31,4,198345.24,03-05-2024,UPI,4.3,May,2024,39669.048,7,Online,North,198345.24,0,20.00%,49586.31,9917.262,5,Q2,May-24,13884.1668,184461.07,May-24
ORD00345,Tablet,Electronics,37181.04,1,37181.04,21-03-2024,Wallet,1.2,March,2024,7436.208,21,Wholesale,South,37181.04,0,20.00%,37181.04,7436.208,3,Q1,Mar-24,7808.0184,29373.02,Mar-24
ORD00346,Sneakers,Clothing,46090.65,4,184362.6,25-01-2025,UPI,3.3,January,2025,36872.52,5,Wholesale,West,184362.6,0,20.00%,46090.65,9218.13,1,Q1,Jan-25,9218.13,175144.47,Jan-25
ORD00347,Educational Book,Books,48151.09,4,192604.36,23-07-2024,UPI,2.9,July,2024,38520.872,20,Retail,North,192604.36,0,20.00%,48151.09,9630.218,7,Q3,Jul-24,38520.872,154083.49,Jul-24
ORD00348,Smartwatch,Electronics,8197.47,2,16394.94,28-09-2024,Wallet,3,September,2024,3278.988,16,Retail,North,16394.94,0,20.00%,8197.47,1639.494,9,Q3,Sep-24,2623.1904,13771.75,Sep-24
ORD00349,Cookware Set,Home & Kitchen,40679.29,2,81358.58,13-07-2024,Wallet,1.5,July,2024,16271.716,23,Retail,East,81358.58,0,20.00%,40679.29,8135.858,7,Q3,Jul-24,18712.4734,62646.11,Jul-24
ORD00350,Perfume,Beauty,45012.71,3,135038.13,15-10-2024,UPI,4.9,October,2024,27007.626,26,Retail,East,135038.13,0,20.00%,45012.71,9002.542,10,Q4,Oct-24,35109.9138,99928.22,Oct-24
ORD00351,Perfume,Beauty,5127.02,3,15381.06,07-02-2025,Debit Card,4.5,February,2025,3076.212,27,Wholesale,West,15381.06,0,20.00%,5127.02,1025.404,2,Q1,Feb-25,4152.8862,11228.17,Feb-25
ORD00352,Laptop,Electronics,13954.48,3,41863.44,12-01-2025,UPI,1.5,January,2025,8372.688,26,Online,South,41863.44,0,20.00%,13954.48,2790.896,1,Q1,Jan-25,10884.4944,30978.95,Jan-25
ORD00353,T-Shirt,Clothing,26166.89,4,104667.56,06-09-2024,Credit Card,3.7,September,2024,20933.512,18,Wholesale,North,104667.56,0,20.00%,26166.89,5233.378,9,Q3,Sep-24,18840.1608,85827.4,Sep-24
ORD00354,Hair Dryer,Beauty,45072.69,2,90145.38,30-12-2024,Wallet,2.6,December,2024,18029.076,10,Retail,West,90145.38,0,20.00%,45072.69,9014.538,12,Q4,Dec-24,9014.538,81130.84,Dec-24
ORD00355,T-Shirt,Clothing,33543.19,2,67086.38,09-03-2024,UPI,3.7,March,2024,13417.276,10,Wholesale,North,67086.38,0,20.00%,33543.19,6708.638,3,Q1,Mar-24,6708.638,60377.74,Mar-24
ORD00356,Self-Help Book,Books,34116.23,3,102348.69,20-03-2024,Wallet,1.4,March,2024,20469.738,17,Online,North,102348.69,0,20.00%,34116.23,6823.246,3,Q1,Mar-24,17399.2773,84949.41,Mar-24
ORD00357,Self-Help Book,Books,15466.4,5,77332,29-07-2024,Wallet,2.9,July,2024,15466.4,23,Online,South,77332,0,20.00%,15466.4,3093.28,7,Q3,Jul-24,17786.36,59545.64,Jul-24
ORD00358,Laptop,Electronics,19879.4,4,79517.6,15-03-2024,Debit Card,3.2,March,2024,15903.52,26,Wholesale,South,79517.6,0,20.00%,19879.4,3975.88,3,Q1,Mar-24,20674.576,58843.02,Mar-24
ORD00359,Sofa Cover,Home & Kitchen,11914.15,2,23828.3,10-06-2024,Wallet,2.4,June,2024,4765.66,12,Wholesale,West,23828.3,0,20.00%,11914.15,2382.83,6,Q2,Jun-24,2859.396,20968.9,Jun-24
ORD00360,Dress,Clothing,7936.32,4,31745.28,21-09-2024,Credit Card,1.5,September,2024,6349.056,6,Wholesale,South,31745.28,0,20.00%,7936.32,1587.264,9,Q3,Sep-24,1904.7168,29840.56,Sep-24
ORD00361,Educational Book,Books,7633.85,2,15267.7,01-09-2024,Net Banking,3.8,September,2024,3053.54,25,Retail,South,15267.7,0,20.00%,7633.85,1526.77,9,Q3,Sep-24,3816.925,11450.78,Sep-24
ORD00362,Face Cream,Beauty,2470.82,4,9883.28,26-05-2024,UPI,2,May,2024,1976.656,5,Wholesale,West,9883.28,0,20.00%,2470.82,494.164,5,Q2,May-24,494.164,9389.12,May-24
ORD00363,Sofa Cover,Home & Kitchen,908.47,3,2725.41,27-09-2024,COD,4.6,September,2024,545.082,19,Wholesale,South,2725.41,0,20.00%,908.47,181.694,9,Q3,Sep-24,517.8279,2207.58,Sep-24
ORD00364,Table Lamp,Home & Kitchen,14102.56,4,56410.24,20-09-2024,COD,2.9,September,2024,11282.048,5,Wholesale,East,56410.24,0,20.00%,14102.56,2820.512,9,Q3,Sep-24,2820.512,53589.73,Sep-24
ORD00365,Laptop,Electronics,23287.93,4,93151.72,14-08-2024,Debit Card,2,August,2024,18630.344,9,Online,North,93151.72,0,20.00%,23287.93,4657.586,8,Q3,Aug-24,8383.6548,84768.07,Aug-24
ORD00366,Mixer Grinder,Home & Kitchen,41333.21,1,41333.21,28-01-2025,Net Banking,4,January,2025,8266.642,20,Online,North,41333.21,0,20.00%,41333.21,8266.642,1,Q1,Jan-25,8266.642,33066.57,Jan-25
ORD00367,Educational Book,Books,35304.99,1,35304.99,06-08-2024,COD,2,August,2024,7060.998,23,Retail,North,35304.99,0,20.00%,35304.99,7060.998,8,Q3,Aug-24,8120.1477,27184.84,Aug-24
ORD00368,Jeans,Clothing,22335.58,2,44671.16,31-07-2024,Wallet,3.8,July,2024,8934.232,8,Retail,North,44671.16,0,20.00%,22335.58,4467.116,7,Q3,Jul-24,3573.6928,41097.47,Jul-24
ORD00369,Cookware Set,Home & Kitchen,40486.08,5,202430.4,26-11-2024,Wallet,3.6,November,2024,40486.08,7,Online,West,202430.4,0,20.00%,40486.08,8097.216,11,Q4,Nov-24,14170.128,188260.27,Nov-24
ORD00370,Educational Book,Books,20353.4,1,20353.4,07-07-2024,UPI,2.9,July,2024,4070.68,21,Online,North,20353.4,0,20.00%,20353.4,4070.68,7,Q3,Jul-24,4274.214,16079.19,Jul-24
ORD00371,Laptop,Electronics,2258.27,3,6774.81,24-10-2024,Wallet,4.8,October,2024,1354.962,21,Online,North,6774.81,0,20.00%,2258.27,451.654,10,Q4,Oct-24,1422.7101,5352.1,Oct-24
ORD00372,Smartphone,Electronics,704.55,5,3522.75,28-05-2024,Debit Card,4,May,2024,704.55,16,Wholesale,North,3522.75,0,20.00%,704.55,140.91,5,Q2,May-24,563.64,2959.11,May-24
ORD00373,Table Lamp,Home & Kitchen,38629,1,38629,15-07-2024,Net Banking,4,July,2024,7725.8,18,Wholesale,North,38629,0,20.00%,38629,7725.8,7,Q3,Jul-24,6953.22,31675.78,Jul-24
ORD00374,Fiction Novel,Books,37303.26,4,149213.04,07-01-2025,COD,2.9,January,2025,29842.608,25,Online,East,149213.04,0,20.00%,37303.26,7460.652,1,Q1,Jan-25,37303.26,111909.78,Jan-25
ORD00375,Smartphone,Electronics,11507.22,4,46028.88,17-04-2024,Debit Card,1.4,April,2024,9205.776,10,Wholesale,North,46028.88,0,20.00%,11507.22,2301.444,4,Q2,Apr-24,4602.888,41425.99,Apr-24
ORD00376,Table Lamp,Home & Kitchen,48710.25,1,48710.25,06-10-2024,Credit Card,1.7,October,2024,9742.05,7,Wholesale,East,48710.25,0,20.00%,48710.25,9742.05,10,Q4,Oct-24,3409.7175,45300.53,Oct-24
ORD00377,Educational Book,Books,20075.81,1,20075.81,12-06-2024,Debit Card,4.9,June,2024,4015.162,13,Retail,West,20075.81,0,20.00%,20075.81,4015.162,6,Q2,Jun-24,2609.8553,17465.95,Jun-24
ORD00378,Comic Book,Books,8448.77,2,16897.54,12-05-2024,UPI,3.8,May,2024,3379.508,9,Online,South,16897.54,0,20.00%,8448.77,1689.754,5,Q2,May-24,1520.7786,15376.76,May-24
ORD00379,Sneakers,Clothing,29310.76,4,117243.04,03-07-2024,Wallet,4.4,July,2024,23448.608,28,Online,North,117243.04,0,20.00%,29310.76,5862.152,7,Q3,Jul-24,32828.0512,84414.99,Jul-24
ORD00380,Educational Book,Books,708.78,4,2835.12,29-11-2024,COD,2,November,2024,567.024,21,Wholesale,South,2835.12,0,20.00%,708.78,141.756,11,Q4,Nov-24,595.3752,2239.74,Nov-24
ORD00381,Jacket,Clothing,24062.33,4,96249.32,19-01-2025,Debit Card,1.1,January,2025,19249.864,18,Online,South,96249.32,0,20.00%,24062.33,4812.466,1,Q1,Jan-25,17324.8776,78924.44,Jan-25
ORD00382,Sneakers,Clothing,27827.66,1,27827.66,18-06-2024,COD,4.5,June,2024,5565.532,25,Retail,West,27827.66,0,20.00%,27827.66,5565.532,6,Q2,Jun-24,6956.915,20870.75,Jun-24
ORD00383,Smartwatch,Electronics,40862.87,2,81725.74,22-05-2024,Debit Card,1.4,May,2024,16345.148,7,Retail,South,81725.74,0,20.00%,40862.87,8172.574,5,Q2,May-24,5720.8018,76004.94,May-24
ORD00384,Sneakers,Clothing,11399.26,2,22798.52,17-02-2024,Net Banking,1,February,2024,4559.704,5,Retail,East,22798.52,0,20.00%,11399.26,2279.852,2,Q1,Feb-24,1139.926,21658.59,Feb-24
ORD00385,Hair Dryer,Beauty,5463.13,1,5463.13,30-06-2024,Debit Card,3.9,June,2024,1092.626,24,Online,South,5463.13,0,20.00%,5463.13,1092.626,6,Q2,Jun-24,1311.1512,4151.98,Jun-24
ORD00386,Comic Book,Books,8644.99,5,43224.95,17-07-2024,Debit Card,4.3,July,2024,8644.99,25,Online,South,43224.95,0,20.00%,8644.99,1728.998,7,Q3,Jul-24,10806.2375,32418.71,Jul-24
ORD00387,Headphones,Electronics,27481.15,2,54962.3,27-10-2024,COD,3.2,October,2024,10992.46,27,Online,South,54962.3,0,20.00%,27481.15,5496.23,10,Q4,Oct-24,14839.821,40122.48,Oct-24
ORD00388,Self-Help Book,Books,47819.23,4,191276.92,03-06-2024,Wallet,1.1,June,2024,38255.384,5,Online,North,191276.92,0,20.00%,47819.23,9563.846,6,Q2,Jun-24,9563.846,181713.07,Jun-24
ORD00389,Lipstick,Beauty,7145.81,4,28583.24,09-03-2024,Wallet,1.9,March,2024,5716.648,7,Online,North,28583.24,0,20.00%,7145.81,1429.162,3,Q1,Mar-24,2000.8268,26582.41,Mar-24
ORD00390,Headphones,Electronics,29847.4,3,89542.2,04-06-2024,Debit Card,2.9,June,2024,17908.44,22,Retail,East,89542.2,0,20.00%,29847.4,5969.48,6,Q2,Jun-24,19699.284,69842.92,Jun-24
ORD00391,Lipstick,Beauty,11186.35,2,22372.7,28-10-2024,COD,1.1,October,2024,4474.54,29,Wholesale,East,22372.7,0,20.00%,11186.35,2237.27,10,Q4,Oct-24,6488.083,15884.62,Oct-24
ORD00392,Educational Book,Books,36535.74,3,109607.22,02-07-2024,UPI,1.2,July,2024,21921.444,14,Retail,North,109607.22,0,20.00%,36535.74,7307.148,7,Q3,Jul-24,15345.0108,94262.21,Jul-24
ORD00393,Sneakers,Clothing,12046.9,3,36140.7,05-01-2025,COD,3.2,January,2025,7228.14,26,Online,East,36140.7,0,20.00%,12046.9,2409.38,1,Q1,Jan-25,9396.582,26744.12,Jan-25
ORD00394,Hair Dryer,Beauty,7043.51,4,28174.04,12-03-2024,UPI,2.3,March,2024,5634.808,30,Retail,North,28174.04,0,20.00%,7043.51,1408.702,3,Q1,Mar-24,8452.212,19721.83,Mar-24
ORD00395,Sneakers,Clothing,34369.57,4,137478.28,31-07-2024,Net Banking,1.6,July,2024,27495.656,7,Online,West,137478.28,0,20.00%,34369.57,6873.914,7,Q3,Jul-24,9623.4796,127854.8,Jul-24
ORD00396,Sneakers,Clothing,4827.49,3,14482.47,10-03-2024,Debit Card,4.2,March,2024,2896.494,12,Online,South,14482.47,0,20.00%,4827.49,965.498,3,Q1,Mar-24,1737.8964,12744.57,Mar-24
ORD00397,Lipstick,Beauty,14851.66,2,29703.32,08-01-2025,Debit Card,1.9,January,2025,5940.664,18,Retail,South,29703.32,0,20.00%,14851.66,2970.332,1,Q1,Jan-25,5346.5976,24356.72,Jan-25
ORD00398,Jacket,Clothing,40248.27,3,120744.81,19-04-2024,Wallet,3.9,April,2024,24148.962,28,Online,East,120744.81,0,20.00%,40248.27,8049.654,4,Q2,Apr-24,33808.5468,86936.26,Apr-24
ORD00399,Jeans,Clothing,37135.36,2,74270.72,23-12-2024,Net Banking,3,December,2024,14854.144,22,Wholesale,North,74270.72,0,20.00%,37135.36,7427.072,12,Q4,Dec-24,16339.5584,57931.16,Dec-24
ORD00400,Shampoo,Beauty,25794.78,5,128973.9,13-08-2024,Debit Card,1,August,2024,25794.78,19,Online,North,128973.9,0,20.00%,25794.78,5158.956,8,Q3,Aug-24,24505.041,104468.86,Aug-24
ORD00401,Shampoo,Beauty,47564.29,3,142692.87,23-05-2024,Net Banking,3.5,May,2024,28538.574,26,Wholesale,East,142692.87,0,20.00%,47564.29,9512.858,5,Q2,May-24,37100.1462,105592.72,May-24
ORD00402,Mixer Grinder,Home & Kitchen,5500.92,3,16502.76,27-07-2024,Debit Card,2.3,July,2024,3300.552,27,Wholesale,North,16502.76,0,20.00%,5500.92,1100.184,7,Q3,Jul-24,4455.7452,12047.01,Jul-24
ORD00403,Comic Book,Books,904.29,2,1808.58,01-05-2024,Debit Card,3.5,May,2024,361.716,6,Online,West,1808.58,0,20.00%,904.29,180.858,5,Q2,May-24,108.5148,1700.07,May-24
ORD00404,Smartwatch,Electronics,25035.46,2,50070.92,15-04-2024,Debit Card,4.5,April,2024,10014.184,14,Retail,South,50070.92,0,20.00%,25035.46,5007.092,4,Q2,Apr-24,7009.9288,43060.99,Apr-24
ORD00405,Sneakers,Clothing,30156.36,5,150781.8,06-01-2025,UPI,4.4,January,2025,30156.36,6,Wholesale,East,150781.8,0,20.00%,30156.36,6031.272,1,Q1,Jan-25,9046.908,141734.89,Jan-25
ORD00406,Jacket,Clothing,42189.9,1,42189.9,12-01-2025,Credit Card,3.4,January,2025,8437.98,30,Retail,East,42189.9,0,20.00%,42189.9,8437.98,1,Q1,Jan-25,12656.97,29532.93,Jan-25
ORD00407,Jeans,Clothing,41122.81,2,82245.62,10-12-2024,Net Banking,4.8,December,2024,16449.124,21,Wholesale,North,82245.62,0,20.00%,41122.81,8224.562,12,Q4,Dec-24,17271.5802,64974.04,Dec-24
ORD00408,T-Shirt,Clothing,21705.78,1,21705.78,05-10-2024,COD,1.1,October,2024,4341.156,12,Online,East,21705.78,0,20.00%,21705.78,4341.156,10,Q4,Oct-24,2604.6936,19101.09,Oct-24
ORD00409,Headphones,Electronics,28391.65,3,85174.95,11-12-2024,Debit Card,2.5,December,2024,17034.99,5,Online,West,85174.95,0,20.00%,28391.65,5678.33,12,Q4,Dec-24,4258.7475,80916.2,Dec-24
ORD00410,Mixer Grinder,Home & Kitchen,40031.86,2,80063.72,16-12-2024,COD,1.9,December,2024,16012.744,13,Wholesale,North,80063.72,0,20.00%,40031.86,8006.372,12,Q4,Dec-24,10408.2836,69655.44,Dec-24
ORD00411,Mixer Grinder,Home & Kitchen,41248.02,4,164992.08,12-01-2025,Credit Card,2.6,January,2025,32998.416,15,Online,North,164992.08,0,20.00%,41248.02,8249.604,1,Q1,Jan-25,24748.812,140243.27,Jan-25
ORD00412,Shampoo,Beauty,35325.38,2,70650.76,18-05-2024,UPI,4.1,May,2024,14130.152,26,Wholesale,North,70650.76,0,20.00%,35325.38,7065.076,5,Q2,May-24,18369.1976,52281.56,May-24
ORD00413,Mixer Grinder,Home & Kitchen,45866.22,1,45866.22,09-12-2024,COD,3.9,December,2024,9173.244,20,Online,North,45866.22,0,20.00%,45866.22,9173.244,12,Q4,Dec-24,9173.244,36692.98,Dec-24
ORD00414,Dress,Clothing,42975.36,4,171901.44,18-08-2024,COD,3.3,August,2024,34380.288,11,Retail,West,171901.44,0,20.00%,42975.36,8595.072,8,Q3,Aug-24,18909.1584,152992.28,Aug-24
ORD00415,Tablet,Electronics,7532.86,5,37664.3,07-02-2025,UPI,1.5,February,2025,7532.86,14,Online,North,37664.3,0,20.00%,7532.86,1506.572,2,Q1,Feb-25,5273.002,32391.3,Feb-25
ORD00416,Face Cream,Beauty,39931.75,4,159727,19-04-2024,Credit Card,2.4,April,2024,31945.4,27,Retail,East,159727,0,20.00%,39931.75,7986.35,4,Q2,Apr-24,43126.29,116600.71,Apr-24
ORD00417,Headphones,Electronics,20760.44,4,83041.76,10-03-2024,COD,2.4,March,2024,16608.352,30,Online,West,83041.76,0,20.00%,20760.44,4152.088,3,Q1,Mar-24,24912.528,58129.23,Mar-24
ORD00418,T-Shirt,Clothing,29466.3,5,147331.5,23-07-2024,Net Banking,1.3,July,2024,29466.3,7,Retail,South,147331.5,0,20.00%,29466.3,5893.26,7,Q3,Jul-24,10313.205,137018.3,Jul-24
ORD00419,Face Cream,Beauty,756.85,3,2270.55,04-11-2024,UPI,4.8,November,2024,454.11,22,Online,South,2270.55,0,20.00%,756.85,151.37,11,Q4,Nov-24,499.521,1771.03,Nov-24
ORD00420,Smartwatch,Electronics,43711.45,4,174845.8,27-06-2024,Wallet,4.5,June,2024,34969.16,29,Retail,East,174845.8,0,20.00%,43711.45,8742.29,6,Q2,Jun-24,50705.282,124140.52,Jun-24
ORD00421,Comic Book,Books,1134.78,2,2269.56,09-06-2024,Debit Card,3.9,June,2024,453.912,28,Wholesale,East,2269.56,0,20.00%,1134.78,226.956,6,Q2,Jun-24,635.4768,1634.08,Jun-24
ORD00422,Sofa Cover,Home & Kitchen,6859,3,20577,05-10-2024,Net Banking,1.6,October,2024,4115.4,17,Wholesale,West,20577,0,20.00%,6859,1371.8,10,Q4,Oct-24,3498.09,17078.91,Oct-24
ORD00423,Self-Help Book,Books,28818.74,3,86456.22,27-06-2024,Debit Card,1.4,June,2024,17291.244,30,Retail,South,86456.22,0,20.00%,28818.74,5763.748,6,Q2,Jun-24,25936.866,60519.35,Jun-24
ORD00424,Laptop,Electronics,25233.95,4,100935.8,25-10-2024,COD,4.1,October,2024,20187.16,11,Online,South,100935.8,0,20.00%,25233.95,5046.79,10,Q4,Oct-24,11102.938,89832.86,Oct-24
ORD00425,Educational Book,Books,28577.34,1,28577.34,20-08-2024,UPI,2.7,August,2024,5715.468,29,Retail,South,28577.34,0,20.00%,28577.34,5715.468,8,Q3,Aug-24,8287.4286,20289.91,Aug-24
ORD00426,Bedsheet,Home & Kitchen,7322.87,3,21968.61,22-02-2024,COD,5,February,2024,4393.722,8,Online,South,21968.61,0,20.00%,7322.87,1464.574,2,Q1,Feb-24,1757.4888,20211.12,Feb-24
ORD00427,Fiction Novel,Books,25144.48,4,100577.92,05-05-2024,Net Banking,1.3,May,2024,20115.584,17,Wholesale,South,100577.92,0,20.00%,25144.48,5028.896,5,Q2,May-24,17098.2464,83479.67,May-24
ORD00428,Mixer Grinder,Home & Kitchen,16289.17,5,81445.85,14-11-2024,Net Banking,2.6,November,2024,16289.17,24,Online,North,81445.85,0,20.00%,16289.17,3257.834,11,Q4,Nov-24,19547.004,61898.85,Nov-24
ORD00429,Comic Book,Books,24973.13,3,74919.39,08-12-2024,Debit Card,3.2,December,2024,14983.878,5,Wholesale,East,74919.39,0,20.00%,24973.13,4994.626,12,Q4,Dec-24,3745.9695,71173.42,Dec-24
ORD00430,Cookware Set,Home & Kitchen,5804.38,2,11608.76,16-05-2024,COD,2.2,May,2024,2321.752,12,Online,North,11608.76,0,20.00%,5804.38,1160.876,5,Q2,May-24,1393.0512,10215.71,May-24
ORD00431,Jeans,Clothing,43502.85,1,43502.85,13-03-2024,Net Banking,4.2,March,2024,8700.57,18,Online,South,43502.85,0,20.00%,43502.85,8700.57,3,Q1,Mar-24,7830.513,35672.34,Mar-24
ORD00432,Smartphone,Electronics,46770.01,5,233850.05,10-04-2024,Net Banking,2.9,April,2024,46770.01,20,Online,West,233850.05,0,20.00%,46770.01,9354.002,4,Q2,Apr-24,46770.01,187080.04,Apr-24
ORD00433,Laptop,Electronics,38160.98,2,76321.96,31-03-2024,Debit Card,4,March,2024,15264.392,18,Retail,West,76321.96,0,20.00%,38160.98,7632.196,3,Q1,Mar-24,13737.9528,62584.01,Mar-24
ORD00434,Headphones,Electronics,14797.27,2,29594.54,25-01-2025,UPI,3.4,January,2025,5918.908,16,Retail,South,29594.54,0,20.00%,14797.27,2959.454,1,Q1,Jan-25,4735.1264,24859.41,Jan-25
ORD00435,Shampoo,Beauty,16951.57,5,84757.85,28-03-2024,Wallet,2,March,2024,16951.57,23,Wholesale,South,84757.85,0,20.00%,16951.57,3390.314,3,Q1,Mar-24,19494.3055,65263.54,Mar-24
ORD00436,Smartphone,Electronics,20087.65,2,40175.3,27-10-2024,Wallet,2.7,October,2024,8035.06,27,Wholesale,West,40175.3,0,20.00%,20087.65,4017.53,10,Q4,Oct-24,10847.331,29327.97,Oct-24
ORD00437,Face Cream,Beauty,45544.54,4,182178.16,23-04-2024,COD,3,April,2024,36435.632,19,Retail,North,182178.16,0,20.00%,45544.54,9108.908,4,Q2,Apr-24,34613.8504,147564.31,Apr-24
ORD00438,Shampoo,Beauty,4986.9,1,4986.9,23-12-2024,COD,4.4,December,2024,997.38,6,Wholesale,North,4986.9,0,20.00%,4986.9,997.38,12,Q4,Dec-24,299.214,4687.69,Dec-24
ORD00439,Bedsheet,Home & Kitchen,37890.56,1,37890.56,30-06-2024,COD,2.4,June,2024,7578.112,6,Retail,South,37890.56,0,20.00%,37890.56,7578.112,6,Q2,Jun-24,2273.4336,35617.13,Jun-24
ORD00440,Tablet,Electronics,26947.54,2,53895.08,05-06-2024,Net Banking,4.1,June,2024,10779.016,27,Online,North,53895.08,0,20.00%,26947.54,5389.508,6,Q2,Jun-24,14551.6716,39343.41,Jun-24
ORD00441,Headphones,Electronics,16929.74,3,50789.22,17-03-2024,Wallet,1.5,March,2024,10157.844,26,Wholesale,West,50789.22,0,20.00%,16929.74,3385.948,3,Q1,Mar-24,13205.1972,37584.02,Mar-24
ORD00442,Smartphone,Electronics,30310.92,3,90932.76,20-04-2024,UPI,3.5,April,2024,18186.552,23,Wholesale,North,90932.76,0,20.00%,30310.92,6062.184,4,Q2,Apr-24,20914.5348,70018.23,Apr-24
ORD00443,Educational Book,Books,33643.5,5,168217.5,16-06-2024,UPI,4.2,June,2024,33643.5,29,Retail,South,168217.5,0,20.00%,33643.5,6728.7,6,Q2,Jun-24,48783.075,119434.43,Jun-24
ORD00444,Cookbook,Books,27847.81,3,83543.43,16-09-2024,Net Banking,4.3,September,2024,16708.686,30,Wholesale,West,83543.43,0,20.00%,27847.81,5569.562,9,Q3,Sep-24,25063.029,58480.4,Sep-24
ORD00445,Educational Book,Books,19055.03,3,57165.09,25-08-2024,Credit Card,4.3,August,2024,11433.018,26,Wholesale,North,57165.09,0,20.00%,19055.03,3811.006,8,Q3,Aug-24,14862.9234,42302.17,Aug-24
ORD00446,Self-Help Book,Books,24012.7,1,24012.7,26-11-2024,Credit Card,4.8,November,2024,4802.54,30,Online,East,24012.7,0,20.00%,24012.7,4802.54,11,Q4,Nov-24,7203.81,16808.89,Nov-24
ORD00447,Sneakers,Clothing,8182.19,2,16364.38,04-08-2024,COD,4.2,August,2024,3272.876,30,Wholesale,West,16364.38,0,20.00%,8182.19,1636.438,8,Q3,Aug-24,4909.314,11455.07,Aug-24
ORD00448,Hair Dryer,Beauty,35810.63,4,143242.52,06-04-2024,UPI,1.2,April,2024,28648.504,26,Online,West,143242.52,0,20.00%,35810.63,7162.126,4,Q2,Apr-24,37243.0552,105999.46,Apr-24
ORD00449,T-Shirt,Clothing,23433.86,1,23433.86,17-08-2024,COD,3.8,August,2024,4686.772,21,Retail,East,23433.86,0,20.00%,23433.86,4686.772,8,Q3,Aug-24,4921.1106,18512.75,Aug-24
ORD00450,Tablet,Electronics,42946.11,4,171784.44,31-08-2024,UPI,3.2,August,2024,34356.888,24,Wholesale,East,171784.44,0,20.00%,42946.11,8589.222,8,Q3,Aug-24,41228.2656,130556.17,Aug-24
ORD00451,Sneakers,Clothing,3995.44,4,15981.76,26-05-2024,Debit Card,4,May,2024,3196.352,14,Online,West,15981.76,0,20.00%,3995.44,799.088,5,Q2,May-24,2237.4464,13744.31,May-24
ORD00452,Face Cream,Beauty,38728.75,1,38728.75,05-10-2024,Wallet,4,October,2024,7745.75,10,Retail,East,38728.75,0,20.00%,38728.75,7745.75,10,Q4,Oct-24,3872.875,34855.88,Oct-24
ORD00453,Jacket,Clothing,46205.47,3,138616.41,07-09-2024,Credit Card,2.7,September,2024,27723.282,19,Wholesale,South,138616.41,0,20.00%,46205.47,9241.094,9,Q3,Sep-24,26337.1179,112279.29,Sep-24
ORD00454,Jeans,Clothing,7631.48,3,22894.44,18-07-2024,Debit Card,3,July,2024,4578.888,26,Retail,South,22894.44,0,20.00%,7631.48,1526.296,7,Q3,Jul-24,5952.5544,16941.89,Jul-24
ORD00455,Comic Book,Books,4581.73,4,18326.92,24-05-2024,Credit Card,3.4,May,2024,3665.384,15,Wholesale,South,18326.92,0,20.00%,4581.73,916.346,5,Q2,May-24,2749.038,15577.88,May-24
ORD00456,Tablet,Electronics,9761.64,3,29284.92,27-08-2024,Wallet,2.5,August,2024,5856.984,9,Retail,West,29284.92,0,20.00%,9761.64,1952.328,8,Q3,Aug-24,2635.6428,26649.28,Aug-24
ORD00457,Hair Dryer,Beauty,1582.84,3,4748.52,10-09-2024,Debit Card,2.9,September,2024,949.704,5,Retail,East,4748.52,0,20.00%,1582.84,316.568,9,Q3,Sep-24,237.426,4511.09,Sep-24
ORD00458,Laptop,Electronics,8902.26,5,44511.3,08-01-2025,Debit Card,2.4,January,2025,8902.26,12,Online,East,44511.3,0,20.00%,8902.26,1780.452,1,Q1,Jan-25,5341.356,39169.94,Jan-25
ORD00459,Sofa Cover,Home & Kitchen,1549.63,1,1549.63,27-11-2024,COD,3,November,2024,309.926,25,Retail,North,1549.63,0,20.00%,1549.63,309.926,11,Q4,Nov-24,387.4075,1162.22,Nov-24
ORD00460,Educational Book,Books,23520.5,5,117602.5,26-04-2024,Debit Card,1.2,April,2024,23520.5,16,Wholesale,North,117602.5,0,20.00%,23520.5,4704.1,4,Q2,Apr-24,18816.4,98786.1,Apr-24
ORD00461,Face Cream,Beauty,18729.61,1,18729.61,03-04-2024,COD,1,April,2024,3745.922,16,Wholesale,East,18729.61,0,20.00%,18729.61,3745.922,4,Q2,Apr-24,2996.7376,15732.87,Apr-24
ORD00462,Self-Help Book,Books,18085.73,3,54257.19,12-07-2024,Net Banking,4.1,July,2024,10851.438,9,Online,East,54257.19,0,20.00%,18085.73,3617.146,7,Q3,Jul-24,4883.1471,49374.04,Jul-24
ORD00463,Lipstick,Beauty,29844.59,3,89533.77,28-06-2024,Credit Card,3.9,June,2024,17906.754,11,Wholesale,East,89533.77,0,20.00%,29844.59,5968.918,6,Q2,Jun-24,9848.7147,79685.06,Jun-24
ORD00464,Tablet,Electronics,12964.52,2,25929.04,23-11-2024,Wallet,2.7,November,2024,5185.808,8,Wholesale,West,25929.04,0,20.00%,12964.52,2592.904,11,Q4,Nov-24,2074.3232,23854.72,Nov-24
ORD00465,Tablet,Electronics,43431.64,5,217158.2,20-06-2024,Credit Card,4.4,June,2024,43431.64,10,Wholesale,East,217158.2,0,20.00%,43431.64,8686.328,6,Q2,Jun-24,21715.82,195442.38,Jun-24
ORD00466,Smartwatch,Electronics,31005.06,4,124020.24,22-07-2024,Net Banking,4,July,2024,24804.048,17,Retail,North,124020.24,0,20.00%,31005.06,6201.012,7,Q3,Jul-24,21083.4408,102936.8,Jul-24
ORD00467,Face Cream,Beauty,16010.24,3,48030.72,21-11-2024,Net Banking,1.6,November,2024,9606.144,24,Retail,West,48030.72,0,20.00%,16010.24,3202.048,11,Q4,Nov-24,11527.3728,36503.35,Nov-24
ORD00468,Headphones,Electronics,18451.91,5,92259.55,12-09-2024,UPI,4.9,September,2024,18451.91,19,Wholesale,East,92259.55,0,20.00%,18451.91,3690.382,9,Q3,Sep-24,17529.3145,74730.24,Sep-24
ORD00469,Smartwatch,Electronics,31793.09,4,127172.36,19-02-2024,COD,4.8,February,2024,25434.472,7,Online,North,127172.36,0,20.00%,31793.09,6358.618,2,Q1,Feb-24,8902.0652,118270.29,Feb-24
ORD00470,T-Shirt,Clothing,36666.62,4,146666.48,28-09-2024,Net Banking,2.1,September,2024,29333.296,27,Retail,West,146666.48,0,20.00%,36666.62,7333.324,9,Q3,Sep-24,39599.9496,107066.53,Sep-24
ORD00471,Smartphone,Electronics,38681.26,1,38681.26,17-07-2024,COD,2,July,2024,7736.252,12,Online,East,38681.26,0,20.00%,38681.26,7736.252,7,Q3,Jul-24,4641.7512,34039.51,Jul-24
ORD00472,Cookware Set,Home & Kitchen,29493.06,3,88479.18,24-07-2024,Credit Card,4.2,July,2024,17695.836,24,Wholesale,East,88479.18,0,20.00%,29493.06,5898.612,7,Q3,Jul-24,21235.0032,67244.18,Jul-24
ORD00473,Bedsheet,Home & Kitchen,30009.2,2,60018.4,13-06-2024,Debit Card,3,June,2024,12003.68,20,Wholesale,East,60018.4,0,20.00%,30009.2,6001.84,6,Q2,Jun-24,12003.68,48014.72,Jun-24
ORD00474,T-Shirt,Clothing,23089.32,2,46178.64,29-09-2024,Net Banking,3.1,September,2024,9235.728,17,Retail,West,46178.64,0,20.00%,23089.32,4617.864,9,Q3,Sep-24,7850.3688,38328.27,Sep-24
ORD00475,Sofa Cover,Home & Kitchen,32460.13,4,129840.52,28-04-2024,Credit Card,3.7,April,2024,25968.104,22,Wholesale,North,129840.52,0,20.00%,32460.13,6492.026,4,Q2,Apr-24,28564.9144,101275.61,Apr-24
ORD00476,Smartwatch,Electronics,29509.14,3,88527.42,15-12-2024,Net Banking,4.1,December,2024,17705.484,14,Retail,North,88527.42,0,20.00%,29509.14,5901.828,12,Q4,Dec-24,12393.8388,76133.58,Dec-24
ORD00477,Educational Book,Books,5528.69,3,16586.07,11-09-2024,Debit Card,4.2,September,2024,3317.214,23,Wholesale,South,16586.07,0,20.00%,5528.69,1105.738,9,Q3,Sep-24,3814.7961,12771.27,Sep-24
ORD00478,Fiction Novel,Books,11864.67,5,59323.35,13-09-2024,Net Banking,2.8,September,2024,11864.67,21,Wholesale,East,59323.35,0,20.00%,11864.67,2372.934,9,Q3,Sep-24,12457.9035,46865.45,Sep-24
ORD00479,Sofa Cover,Home & Kitchen,14273.74,2,28547.48,19-12-2024,Net Banking,3.8,December,2024,5709.496,28,Retail,South,28547.48,0,20.00%,14273.74,2854.748,12,Q4,Dec-24,7993.2944,20554.19,Dec-24
ORD00480,Educational Book,Books,26806.06,3,80418.18,19-07-2024,Wallet,4.3,July,2024,16083.636,23,Retail,South,80418.18,0,20.00%,26806.06,5361.212,7,Q3,Jul-24,18496.1814,61922,Jul-24
ORD00481,Jacket,Clothing,18757.07,4,75028.28,16-11-2024,UPI,4.2,November,2024,15005.656,30,Retail,North,75028.28,0,20.00%,18757.07,3751.414,11,Q4,Nov-24,22508.484,52519.8,Nov-24
ORD00482,Self-Help Book,Books,19661.09,4,78644.36,01-06-2024,Net Banking,2.5,June,2024,15728.872,27,Wholesale,West,78644.36,0,20.00%,19661.09,3932.218,6,Q2,Jun-24,21233.9772,57410.38,Jun-24
ORD00483,Self-Help Book,Books,27434.25,1,27434.25,02-03-2024,COD,3.8,March,2024,5486.85,30,Wholesale,West,27434.25,0,20.00%,27434.25,5486.85,3,Q1,Mar-24,8230.275,19203.98,Mar-24
ORD00484,Educational Book,Books,6322.42,4,25289.68,30-08-2024,UPI,4,August,2024,5057.936,9,Online,North,25289.68,0,20.00%,6322.42,1264.484,8,Q3,Aug-24,2276.0712,23013.61,Aug-24
ORD00485,Comic Book,Books,4316.82,2,8633.64,02-05-2024,Credit Card,3.6,May,2024,1726.728,30,Retail,West,8633.64,0,20.00%,4316.82,863.364,5,Q2,May-24,2590.092,6043.55,May-24
ORD00486,Dress,Clothing,45426.39,4,181705.56,31-10-2024,Net Banking,2.8,October,2024,36341.112,25,Wholesale,South,181705.56,0,20.00%,45426.39,9085.278,10,Q4,Oct-24,45426.39,136279.17,Oct-24
ORD00487,Laptop,Electronics,14971.45,3,44914.35,02-06-2024,UPI,4.5,June,2024,8982.87,27,Wholesale,East,44914.35,0,20.00%,14971.45,2994.29,6,Q2,Jun-24,12126.8745,32787.48,Jun-24
ORD00488,Bedsheet,Home & Kitchen,12245.12,2,24490.24,27-08-2024,COD,4.5,August,2024,4898.048,13,Retail,North,24490.24,0,20.00%,12245.12,2449.024,8,Q3,Aug-24,3183.7312,21306.51,Aug-24
ORD00489,Cookbook,Books,48405.89,4,193623.56,31-03-2024,Wallet,4.9,March,2024,38724.712,16,Online,East,193623.56,0,20.00%,48405.89,9681.178,3,Q1,Mar-24,30979.7696,162643.79,Mar-24
ORD00490,Hair Dryer,Beauty,12757.67,5,63788.35,19-11-2024,UPI,3.3,November,2024,12757.67,25,Retail,West,63788.35,0,20.00%,12757.67,2551.534,11,Q4,Nov-24,15947.0875,47841.26,Nov-24
ORD00491,Dress,Clothing,33071.09,2,66142.18,05-10-2024,COD,3.5,October,2024,13228.436,5,Online,East,66142.18,0,20.00%,33071.09,6614.218,10,Q4,Oct-24,3307.109,62835.07,Oct-24
ORD00492,Hair Dryer,Beauty,4869.56,1,4869.56,04-04-2024,UPI,1.9,April,2024,973.912,30,Wholesale,West,4869.56,0,20.00%,4869.56,973.912,4,Q2,Apr-24,1460.868,3408.69,Apr-24
ORD00493,T-Shirt,Clothing,45127.31,4,180509.24,15-01-2025,COD,4.2,January,2025,36101.848,30,Online,West,180509.24,0,20.00%,45127.31,9025.462,1,Q1,Jan-25,54152.772,126356.47,Jan-25
ORD00494,Bedsheet,Home & Kitchen,8867.72,1,8867.72,01-10-2024,Net Banking,4.3,October,2024,1773.544,5,Wholesale,South,8867.72,0,20.00%,8867.72,1773.544,10,Q4,Oct-24,443.386,8424.33,Oct-24
ORD00495,Cookware Set,Home & Kitchen,31749.94,1,31749.94,25-05-2024,COD,3.1,May,2024,6349.988,19,Retail,West,31749.94,0,20.00%,31749.94,6349.988,5,Q2,May-24,6032.4886,25717.45,May-24
ORD00496,Shampoo,Beauty,40944.77,2,81889.54,03-11-2024,Credit Card,2.9,November,2024,16377.908,6,Retail,South,81889.54,0,20.00%,40944.77,8188.954,11,Q4,Nov-24,4913.3724,76976.17,Nov-24
ORD00497,Table Lamp,Home & Kitchen,20859.61,4,83438.44,24-04-2024,Wallet,4.9,April,2024,16687.688,26,Retail,South,83438.44,0,20.00%,20859.61,4171.922,4,Q2,Apr-24,21693.9944,61744.45,Apr-24
ORD00498,Educational Book,Books,6884.74,5,34423.7,12-08-2024,Net Banking,1.4,August,2024,6884.74,20,Online,South,34423.7,0,20.00%,6884.74,1376.948,8,Q3,Aug-24,6884.74,27538.96,Aug-24
ORD00499,Jeans,Clothing,40238.5,3,120715.5,21-07-2024,Wallet,3.9,July,2024,24143.1,29,Wholesale,North,120715.5,0,20.00%,40238.5,8047.7,7,Q3,Jul-24,35007.495,85708.01,Jul-24
ORD00500,Smartphone,Electronics,10422.28,5,52111.4,26-06-2024,Net Banking,3.5,June,2024,10422.28,12,Retail,North,52111.4,0,20.00%,10422.28,2084.456,6,Q2,Jun-24,6253.368,45858.03,Jun-24
ORD00501,Self-Help Book,Books,13862.56,1,13862.56,31-12-2024,Wallet,1.6,December,2024,2772.512,17,Retail,West,13862.56,0,20.00%,13862.56,2772.512,12,Q4,Dec-24,2356.6352,11505.92,Dec-24
ORD00502,Face Cream,Beauty,35911.22,4,143644.88,12-09-2024,Credit Card,4.1,September,2024,28728.976,25,Wholesale,South,143644.88,0,20.00%,35911.22,7182.244,9,Q3,Sep-24,35911.22,107733.66,Sep-24
ORD00503,Jacket,Clothing,16523.69,3,49571.07,17-08-2024,Credit Card,2.8,August,2024,9914.214,5,Retail,North,49571.07,0,20.00%,16523.69,3304.738,8,Q3,Aug-24,2478.5535,47092.52,Aug-24
ORD00504,Lipstick,Beauty,6566.03,5,32830.15,20-04-2024,COD,2.6,April,2024,6566.03,20,Wholesale,South,32830.15,0,20.00%,6566.03,1313.206,4,Q2,Apr-24,6566.03,26264.12,Apr-24
ORD00505,Bedsheet,Home & Kitchen,18799.05,3,56397.15,01-02-2025,UPI,4.3,February,2025,11279.43,11,Wholesale,East,56397.15,0,20.00%,18799.05,3759.81,2,Q1,Feb-25,6203.6865,50193.46,Feb-25
ORD00506,Headphones,Electronics,8436.71,5,42183.55,13-04-2024,Wallet,4.9,April,2024,8436.71,9,Wholesale,East,42183.55,0,20.00%,8436.71,1687.342,4,Q2,Apr-24,3796.5195,38387.03,Apr-24
ORD00507,Cookware Set,Home & Kitchen,19380.5,4,77522,23-06-2024,UPI,3.3,June,2024,15504.4,26,Wholesale,East,77522,0,20.00%,19380.5,3876.1,6,Q2,Jun-24,20155.72,57366.28,Jun-24
ORD00508,Lipstick,Beauty,20228.05,3,60684.15,01-02-2025,UPI,1.2,February,2025,12136.83,27,Wholesale,West,60684.15,0,20.00%,20228.05,4045.61,2,Q1,Feb-25,16384.7205,44299.43,Feb-25
ORD00509,Laptop,Electronics,28606.86,5,143034.3,16-08-2024,UPI,4.8,August,2024,28606.86,7,Online,South,143034.3,0,20.00%,28606.86,5721.372,8,Q3,Aug-24,10012.401,133021.9,Aug-24
ORD00510,Fiction Novel,Books,16803.76,4,67215.04,26-05-2024,Wallet,4,May,2024,13443.008,16,Retail,East,67215.04,0,20.00%,16803.76,3360.752,5,Q2,May-24,10754.4064,56460.63,May-24
ORD00511,Face Cream,Beauty,18093.34,5,90466.7,21-01-2025,Credit Card,4.2,January,2025,18093.34,30,Online,North,90466.7,0,20.00%,18093.34,3618.668,1,Q1,Jan-25,27140.01,63326.69,Jan-25
ORD00512,Tablet,Electronics,31737.13,5,158685.65,12-04-2024,Net Banking,4,April,2024,31737.13,20,Retail,East,158685.65,0,20.00%,31737.13,6347.426,4,Q2,Apr-24,31737.13,126948.52,Apr-24
ORD00513,Lipstick,Beauty,49861.17,3,149583.51,24-09-2024,UPI,2.5,September,2024,29916.702,23,Online,East,149583.51,0,20.00%,49861.17,9972.234,9,Q3,Sep-24,34404.2073,115179.3,Sep-24
ORD00514,Educational Book,Books,21233.35,1,21233.35,02-09-2024,COD,1.7,September,2024,4246.67,9,Wholesale,East,21233.35,0,20.00%,21233.35,4246.67,9,Q3,Sep-24,1911.0015,19322.35,Sep-24
ORD00515,Sofa Cover,Home & Kitchen,776.91,5,3884.55,16-07-2024,COD,4.2,July,2024,776.91,26,Retail,West,3884.55,0,20.00%,776.91,155.382,7,Q3,Jul-24,1009.983,2874.57,Jul-24
ORD00516,Lipstick,Beauty,25542.71,1,25542.71,14-12-2024,UPI,2.2,December,2024,5108.542,29,Retail,North,25542.71,0,20.00%,25542.71,5108.542,12,Q4,Dec-24,7407.3859,18135.32,Dec-24
ORD00517,Sneakers,Clothing,10818.28,5,54091.4,22-07-2024,UPI,1.6,July,2024,10818.28,18,Online,South,54091.4,0,20.00%,10818.28,2163.656,7,Q3,Jul-24,9736.452,44354.95,Jul-24
ORD00518,Tablet,Electronics,45801.19,5,229005.95,24-10-2024,Credit Card,2.4,October,2024,45801.19,9,Online,North,229005.95,0,20.00%,45801.19,9160.238,10,Q4,Oct-24,20610.5355,208395.41,Oct-24
ORD00519,Face Cream,Beauty,6963.56,2,13927.12,06-12-2024,Debit Card,3.3,December,2024,2785.424,19,Retail,South,13927.12,0,20.00%,6963.56,1392.712,12,Q4,Dec-24,2646.1528,11280.97,Dec-24
ORD00520,Smartphone,Electronics,37082.11,1,37082.11,12-06-2024,UPI,4.4,June,2024,7416.422,21,Online,West,37082.11,0,20.00%,37082.11,7416.422,6,Q2,Jun-24,7787.2431,29294.87,Jun-24
ORD00521,Cookbook,Books,6842.69,1,6842.69,04-06-2024,UPI,3.6,June,2024,1368.538,18,Online,West,6842.69,0,20.00%,6842.69,1368.538,6,Q2,Jun-24,1231.6842,5611.01,Jun-24
ORD00522,Perfume,Beauty,7283.96,1,7283.96,08-04-2024,COD,2,April,2024,1456.792,24,Online,West,7283.96,0,20.00%,7283.96,1456.792,4,Q2,Apr-24,1748.1504,5535.81,Apr-24
ORD00523,Cookware Set,Home & Kitchen,218.58,5,1092.9,20-04-2024,Wallet,4.8,April,2024,218.58,9,Wholesale,West,1092.9,0,20.00%,218.58,43.716,4,Q2,Apr-24,98.361,994.54,Apr-24
ORD00524,Laptop,Electronics,38689.7,3,116069.1,28-09-2024,Debit Card,1.9,September,2024,23213.82,16,Wholesale,South,116069.1,0,20.00%,38689.7,7737.94,9,Q3,Sep-24,18571.056,97498.04,Sep-24
ORD00525,Table Lamp,Home & Kitchen,8863.97,2,17727.94,26-09-2024,UPI,4.5,September,2024,3545.588,20,Online,East,17727.94,0,20.00%,8863.97,1772.794,9,Q3,Sep-24,3545.588,14182.35,Sep-24
ORD00526,Sneakers,Clothing,12472.17,5,62360.85,23-04-2024,UPI,1.9,April,2024,12472.17,30,Online,South,62360.85,0,20.00%,12472.17,2494.434,4,Q2,Apr-24,18708.255,43652.6,Apr-24
ORD00527,Jeans,Clothing,8734.44,1,8734.44,26-10-2024,Debit Card,2.5,October,2024,1746.888,30,Wholesale,North,8734.44,0,20.00%,8734.44,1746.888,10,Q4,Oct-24,2620.332,6114.11,Oct-24
ORD00528,Perfume,Beauty,32422.04,5,162110.2,18-02-2024,Net Banking,1.9,February,2024,32422.04,20,Wholesale,West,162110.2,0,20.00%,32422.04,6484.408,2,Q1,Feb-24,32422.04,129688.16,Feb-24
ORD00529,Laptop,Electronics,45532.34,5,227661.7,28-04-2024,Credit Card,3.6,April,2024,45532.34,25,Retail,West,227661.7,0,20.00%,45532.34,9106.468,4,Q2,Apr-24,56915.425,170746.28,Apr-24
ORD00530,Face Cream,Beauty,22534.8,4,90139.2,30-08-2024,COD,1.4,August,2024,18027.84,11,Retail,North,90139.2,0,20.00%,22534.8,4506.96,8,Q3,Aug-24,9915.312,80223.89,Aug-24
ORD00531,Self-Help Book,Books,26058.55,1,26058.55,28-10-2024,UPI,2,October,2024,5211.71,8,Wholesale,South,26058.55,0,20.00%,26058.55,5211.71,10,Q4,Oct-24,2084.684,23973.87,Oct-24
ORD00532,Bedsheet,Home & Kitchen,13348.84,2,26697.68,27-07-2024,COD,4.2,July,2024,5339.536,5,Online,East,26697.68,0,20.00%,13348.84,2669.768,7,Q3,Jul-24,1334.884,25362.8,Jul-24
ORD00533,Table Lamp,Home & Kitchen,46792.3,1,46792.3,16-06-2024,Credit Card,4.9,June,2024,9358.46,9,Online,East,46792.3,0,20.00%,46792.3,9358.46,6,Q2,Jun-24,4211.307,42580.99,Jun-24
ORD00534,Sofa Cover,Home & Kitchen,15764.25,4,63057,12-05-2024,COD,4,May,2024,12611.4,27,Online,North,63057,0,20.00%,15764.25,3152.85,5,Q2,May-24,17025.39,46031.61,May-24
ORD00535,Smartwatch,Electronics,45019,5,225095,07-01-2025,COD,4.7,January,2025,45019,30,Online,East,225095,0,20.00%,45019,9003.8,1,Q1,Jan-25,67528.5,157566.5,Jan-25
ORD00536,Dress,Clothing,42794.4,4,171177.6,25-06-2024,COD,4.6,June,2024,34235.52,14,Retail,South,171177.6,0,20.00%,42794.4,8558.88,6,Q2,Jun-24,23964.864,147212.74,Jun-24
ORD00537,Educational Book,Books,492.53,1,492.53,15-04-2024,Credit Card,4.4,April,2024,98.506,26,Wholesale,South,492.53,0,20.00%,492.53,98.506,4,Q2,Apr-24,128.0578,364.47,Apr-24
ORD00538,Sofa Cover,Home & Kitchen,30721.51,4,122886.04,28-07-2024,Wallet,3.4,July,2024,24577.208,9,Online,North,122886.04,0,20.00%,30721.51,6144.302,7,Q3,Jul-24,11059.7436,111826.3,Jul-24
ORD00539,Cookware Set,Home & Kitchen,17162.64,3,51487.92,12-07-2024,COD,4.7,July,2024,10297.584,8,Retail,South,51487.92,0,20.00%,17162.64,3432.528,7,Q3,Jul-24,4119.0336,47368.89,Jul-24
ORD00540,Cookbook,Books,45888.54,3,137665.62,08-04-2024,Credit Card,2,April,2024,27533.124,6,Online,West,137665.62,0,20.00%,45888.54,9177.708,4,Q2,Apr-24,8259.9372,129405.68,Apr-24
ORD00541,Table Lamp,Home & Kitchen,49052.43,3,147157.29,02-12-2024,Debit Card,4.5,December,2024,29431.458,24,Wholesale,North,147157.29,0,20.00%,49052.43,9810.486,12,Q4,Dec-24,35317.7496,111839.54,Dec-24
ORD00542,Sofa Cover,Home & Kitchen,2435.97,1,2435.97,30-03-2024,Credit Card,2.3,March,2024,487.194,14,Retail,South,2435.97,0,20.00%,2435.97,487.194,3,Q1,Mar-24,341.0358,2094.93,Mar-24
ORD00543,Table Lamp,Home & Kitchen,48128.02,4,192512.08,13-05-2024,Wallet,3.2,May,2024,38502.416,30,Wholesale,North,192512.08,0,20.00%,48128.02,9625.604,5,Q2,May-24,57753.624,134758.46,May-24
ORD00544,Perfume,Beauty,47111.56,5,235557.8,30-04-2024,UPI,2.9,April,2024,47111.56,23,Wholesale,East,235557.8,0,20.00%,47111.56,9422.312,4,Q2,Apr-24,54178.294,181379.51,Apr-24
ORD00545,Educational Book,Books,8091.3,5,40456.5,14-08-2024,Credit Card,2,August,2024,8091.3,30,Retail,South,40456.5,0,20.00%,8091.3,1618.26,8,Q3,Aug-24,12136.95,28319.55,Aug-24
ORD00546,Bedsheet,Home & Kitchen,43217.1,5,216085.5,18-12-2024,Debit Card,2.6,December,2024,43217.1,5,Retail,West,216085.5,0,20.00%,43217.1,8643.42,12,Q4,Dec-24,10804.275,205281.23,Dec-24
ORD00547,Jacket,Clothing,35592.76,2,71185.52,06-05-2024,Debit Card,4.6,May,2024,14237.104,28,Retail,South,71185.52,0,20.00%,35592.76,7118.552,5,Q2,May-24,19931.9456,51253.57,May-24
ORD00548,Hair Dryer,Beauty,9534.89,5,47674.45,14-07-2024,Net Banking,4.2,July,2024,9534.89,9,Retail,North,47674.45,0,20.00%,9534.89,1906.978,7,Q3,Jul-24,4290.7005,43383.75,Jul-24
ORD00549,Shampoo,Beauty,46990.87,4,187963.48,02-04-2024,COD,1.7,April,2024,37592.696,17,Retail,North,187963.48,0,20.00%,46990.87,9398.174,4,Q2,Apr-24,31953.7916,156009.69,Apr-24
ORD00550,Table Lamp,Home & Kitchen,31137.03,5,155685.15,29-12-2024,Credit Card,2.6,December,2024,31137.03,8,Retail,South,155685.15,0,20.00%,31137.03,6227.406,12,Q4,Dec-24,12454.812,143230.34,Dec-24
ORD00551,Laptop,Electronics,35821.16,4,143284.64,07-02-2025,Debit Card,2.1,February,2025,28656.928,20,Retail,West,143284.64,0,20.00%,35821.16,7164.232,2,Q1,Feb-25,28656.928,114627.71,Feb-25
ORD00552,Shampoo,Beauty,28156.95,5,140784.75,06-05-2024,UPI,2.7,May,2024,28156.95,28,Online,West,140784.75,0,20.00%,28156.95,5631.39,5,Q2,May-24,39419.73,101365.02,May-24
ORD00553,Lipstick,Beauty,9335.19,2,18670.38,28-11-2024,COD,3.9,November,2024,3734.076,20,Wholesale,West,18670.38,0,20.00%,9335.19,1867.038,11,Q4,Nov-24,3734.076,14936.3,Nov-24
ORD00554,T-Shirt,Clothing,25114.77,2,50229.54,07-08-2024,COD,3.6,August,2024,10045.908,27,Retail,North,50229.54,0,20.00%,25114.77,5022.954,8,Q3,Aug-24,13561.9758,36667.56,Aug-24
ORD00555,Lipstick,Beauty,19961.03,3,59883.09,28-11-2024,Credit Card,2.9,November,2024,11976.618,6,Online,South,59883.09,0,20.00%,19961.03,3992.206,11,Q4,Nov-24,3592.9854,56290.1,Nov-24
ORD00556,Laptop,Electronics,38488.04,2,76976.08,04-08-2024,UPI,1.1,August,2024,15395.216,21,Online,East,76976.08,0,20.00%,38488.04,7697.608,8,Q3,Aug-24,16164.9768,60811.1,Aug-24
ORD00557,Perfume,Beauty,20202.56,5,101012.8,17-05-2024,Credit Card,3.6,May,2024,20202.56,24,Online,North,101012.8,0,20.00%,20202.56,4040.512,5,Q2,May-24,24243.072,76769.73,May-24
ORD00558,Headphones,Electronics,39008.37,3,117025.11,21-09-2024,Net Banking,2.2,September,2024,23405.022,28,Wholesale,West,117025.11,0,20.00%,39008.37,7801.674,9,Q3,Sep-24,32767.0308,84258.08,Sep-24
ORD00559,Perfume,Beauty,9946.27,1,9946.27,19-12-2024,Credit Card,1.1,December,2024,1989.254,16,Retail,South,9946.27,0,20.00%,9946.27,1989.254,12,Q4,Dec-24,1591.4032,8354.87,Dec-24
ORD00560,T-Shirt,Clothing,7994.76,5,39973.8,23-09-2024,Debit Card,1.5,September,2024,7994.76,22,Online,West,39973.8,0,20.00%,7994.76,1598.952,9,Q3,Sep-24,8794.236,31179.56,Sep-24
ORD00561,Cookware Set,Home & Kitchen,6341.62,3,19024.86,06-12-2024,Credit Card,4.4,December,2024,3804.972,7,Wholesale,East,19024.86,0,20.00%,6341.62,1268.324,12,Q4,Dec-24,1331.7402,17693.12,Dec-24
ORD00562,Jeans,Clothing,37503.57,4,150014.28,03-04-2024,COD,1.8,April,2024,30002.856,5,Wholesale,West,150014.28,0,20.00%,37503.57,7500.714,4,Q2,Apr-24,7500.714,142513.57,Apr-24
ORD00563,Fiction Novel,Books,36760.35,1,36760.35,27-08-2024,Credit Card,1.5,August,2024,7352.07,5,Wholesale,West,36760.35,0,20.00%,36760.35,7352.07,8,Q3,Aug-24,1838.0175,34922.33,Aug-24
ORD00564,Jacket,Clothing,38023.86,5,190119.3,22-07-2024,Credit Card,2.1,July,2024,38023.86,23,Online,East,190119.3,0,20.00%,38023.86,7604.772,7,Q3,Jul-24,43727.439,146391.86,Jul-24
ORD00565,Dress,Clothing,17983.34,1,17983.34,20-02-2024,COD,1.5,February,2024,3596.668,15,Retail,South,17983.34,0,20.00%,17983.34,3596.668,2,Q1,Feb-24,2697.501,15285.84,Feb-24
ORD00566,Bedsheet,Home & Kitchen,25457.34,5,127286.7,11-05-2024,UPI,4.3,May,2024,25457.34,9,Online,North,127286.7,0,20.00%,25457.34,5091.468,5,Q2,May-24,11455.803,115830.9,May-24
ORD00567,Self-Help Book,Books,26220.67,4,104882.68,30-04-2024,Net Banking,3.3,April,2024,20976.536,16,Online,South,104882.68,0,20.00%,26220.67,5244.134,4,Q2,Apr-24,16781.2288,88101.45,Apr-24
ORD00568,Educational Book,Books,48670.07,1,48670.07,01-02-2025,UPI,4.2,February,2025,9734.014,7,Retail,East,48670.07,0,20.00%,48670.07,9734.014,2,Q1,Feb-25,3406.9049,45263.17,Feb-25
ORD00569,Smartphone,Electronics,12197.36,5,60986.8,10-01-2025,Debit Card,3.5,January,2025,12197.36,5,Retail,West,60986.8,0,20.00%,12197.36,2439.472,1,Q1,Jan-25,3049.34,57937.46,Jan-25
ORD00570,Tablet,Electronics,14488.22,4,57952.88,25-12-2024,Net Banking,2.7,December,2024,11590.576,5,Retail,South,57952.88,0,20.00%,14488.22,2897.644,12,Q4,Dec-24,2897.644,55055.24,Dec-24
ORD00571,Table Lamp,Home & Kitchen,33547.94,2,67095.88,15-01-2025,Net Banking,1.1,January,2025,13419.176,12,Wholesale,North,67095.88,0,20.00%,33547.94,6709.588,1,Q1,Jan-25,8051.5056,59044.37,Jan-25
ORD00572,Sneakers,Clothing,4800.26,5,24001.3,23-03-2024,UPI,2.2,March,2024,4800.26,14,Retail,East,24001.3,0,20.00%,4800.26,960.052,3,Q1,Mar-24,3360.182,20641.12,Mar-24
ORD00573,Cookware Set,Home & Kitchen,36429.57,4,145718.28,08-04-2024,Credit Card,4.6,April,2024,29143.656,15,Online,South,145718.28,0,20.00%,36429.57,7285.914,4,Q2,Apr-24,21857.742,123860.54,Apr-24
ORD00574,Tablet,Electronics,29775.43,4,119101.72,17-02-2024,Debit Card,4.6,February,2024,23820.344,16,Retail,North,119101.72,0,20.00%,29775.43,5955.086,2,Q1,Feb-24,19056.2752,100045.44,Feb-24
ORD00575,Perfume,Beauty,10736.32,3,32208.96,15-07-2024,UPI,3.7,July,2024,6441.792,17,Online,East,32208.96,0,20.00%,10736.32,2147.264,7,Q3,Jul-24,5475.5232,26733.44,Jul-24
ORD00576,Self-Help Book,Books,8005.02,5,40025.1,10-05-2024,UPI,2.5,May,2024,8005.02,16,Wholesale,North,40025.1,0,20.00%,8005.02,1601.004,5,Q2,May-24,6404.016,33621.08,May-24
ORD00577,Perfume,Beauty,32078.48,3,96235.44,27-03-2024,Credit Card,4.5,March,2024,19247.088,18,Online,East,96235.44,0,20.00%,32078.48,6415.696,3,Q1,Mar-24,17322.3792,78913.06,Mar-24
ORD00578,Smartwatch,Electronics,31277.18,1,31277.18,10-09-2024,Debit Card,3,September,2024,6255.436,6,Online,West,31277.18,0,20.00%,31277.18,6255.436,9,Q3,Sep-24,1876.6308,29400.55,Sep-24
ORD00579,Headphones,Electronics,31094.13,1,31094.13,03-11-2024,UPI,2.7,November,2024,6218.826,23,Retail,South,31094.13,0,20.00%,31094.13,6218.826,11,Q4,Nov-24,7151.6499,23942.48,Nov-24
ORD00580,Comic Book,Books,15881.67,4,63526.68,19-01-2025,Wallet,4.3,January,2025,12705.336,22,Retail,North,63526.68,0,20.00%,15881.67,3176.334,1,Q1,Jan-25,13975.8696,49550.81,Jan-25
ORD00581,Jacket,Clothing,16129.77,4,64519.08,19-06-2024,Debit Card,1,June,2024,12903.816,7,Online,East,64519.08,0,20.00%,16129.77,3225.954,6,Q2,Jun-24,4516.3356,60002.74,Jun-24
ORD00582,Hair Dryer,Beauty,39478.69,5,197393.45,24-11-2024,Credit Card,2.7,November,2024,39478.69,27,Retail,North,197393.45,0,20.00%,39478.69,7895.738,11,Q4,Nov-24,53296.2315,144097.22,Nov-24
ORD00583,Comic Book,Books,29635.8,3,88907.4,16-01-2025,Credit Card,1.2,January,2025,17781.48,21,Wholesale,North,88907.4,0,20.00%,29635.8,5927.16,1,Q1,Jan-25,18670.554,70236.85,Jan-25
ORD00584,Smartwatch,Electronics,7892.27,2,15784.54,02-05-2024,Net Banking,1.1,May,2024,3156.908,30,Wholesale,South,15784.54,0,20.00%,7892.27,1578.454,5,Q2,May-24,4735.362,11049.18,May-24
ORD00585,Tablet,Electronics,45112.24,3,135336.72,13-11-2024,Wallet,4.7,November,2024,27067.344,12,Retail,West,135336.72,0,20.00%,45112.24,9022.448,11,Q4,Nov-24,16240.4064,119096.31,Nov-24
ORD00586,Jeans,Clothing,26527.78,4,106111.12,15-02-2024,Net Banking,3.7,February,2024,21222.224,30,Wholesale,North,106111.12,0,20.00%,26527.78,5305.556,2,Q1,Feb-24,31833.336,74277.78,Feb-24
ORD00587,Cookware Set,Home & Kitchen,37170.4,5,185852,08-05-2024,Debit Card,3.7,May,2024,37170.4,14,Retail,East,185852,0,20.00%,37170.4,7434.08,5,Q2,May-24,26019.28,159832.72,May-24
ORD00588,Jeans,Clothing,47535.79,5,237678.95,15-02-2024,Debit Card,1.8,February,2024,47535.79,30,Online,East,237678.95,0,20.00%,47535.79,9507.158,2,Q1,Feb-24,71303.685,166375.27,Feb-24
ORD00589,Bedsheet,Home & Kitchen,30252.89,4,121011.56,16-12-2024,Wallet,4.1,December,2024,24202.312,6,Online,West,121011.56,0,20.00%,30252.89,6050.578,12,Q4,Dec-24,7260.6936,113750.87,Dec-24
ORD00590,Sneakers,Clothing,3126.9,3,9380.7,30-10-2024,COD,1.9,October,2024,1876.14,23,Wholesale,East,9380.7,0,20.00%,3126.9,625.38,10,Q4,Oct-24,2157.561,7223.14,Oct-24
ORD00591,Self-Help Book,Books,40295.47,3,120886.41,29-04-2024,UPI,2.8,April,2024,24177.282,13,Retail,West,120886.41,0,20.00%,40295.47,8059.094,4,Q2,Apr-24,15715.2333,105171.18,Apr-24
ORD00592,Perfume,Beauty,462,4,1848,18-06-2024,COD,3.4,June,2024,369.6,11,Retail,East,1848,0,20.00%,462,92.4,6,Q2,Jun-24,203.28,1644.72,Jun-24
ORD00593,Lipstick,Beauty,22475.54,3,67426.62,15-03-2024,UPI,1.6,March,2024,13485.324,8,Wholesale,South,67426.62,0,20.00%,22475.54,4495.108,3,Q1,Mar-24,5394.1296,62032.49,Mar-24
ORD00594,Headphones,Electronics,19218.55,2,38437.1,20-09-2024,Wallet,4.5,September,2024,7687.42,30,Online,North,38437.1,0,20.00%,19218.55,3843.71,9,Q3,Sep-24,11531.13,26905.97,Sep-24
ORD00595,Smartwatch,Electronics,31162.39,5,155811.95,16-04-2024,Credit Card,3.4,April,2024,31162.39,25,Wholesale,South,155811.95,0,20.00%,31162.39,6232.478,4,Q2,Apr-24,38952.9875,116858.96,Apr-24
ORD00596,Hair Dryer,Beauty,16017.54,1,16017.54,15-06-2024,UPI,3.5,June,2024,3203.508,22,Online,North,16017.54,0,20.00%,16017.54,3203.508,6,Q2,Jun-24,3523.8588,12493.68,Jun-24
ORD00597,Cookware Set,Home & Kitchen,19008.81,4,76035.24,05-07-2024,COD,4.2,July,2024,15207.048,17,Retail,North,76035.24,0,20.00%,19008.81,3801.762,7,Q3,Jul-24,12925.9908,63109.25,Jul-24
ORD00598,Headphones,Electronics,22353.43,3,67060.29,02-12-2024,Debit Card,1.3,December,2024,13412.058,15,Online,North,67060.29,0,20.00%,22353.43,4470.686,12,Q4,Dec-24,10059.0435,57001.25,Dec-24
ORD00599,Mixer Grinder,Home & Kitchen,30122.28,5,150611.4,30-01-2025,UPI,4.8,January,2025,30122.28,28,Wholesale,South,150611.4,0,20.00%,30122.28,6024.456,1,Q1,Jan-25,42171.192,108440.21,Jan-25
ORD00600,Tablet,Electronics,7289.72,5,36448.6,29-05-2024,Wallet,1.9,May,2024,7289.72,8,Retail,North,36448.6,0,20.00%,7289.72,1457.944,5,Q2,May-24,2915.888,33532.71,May-24
ORD00601,Smartwatch,Electronics,32122.43,4,128489.72,22-02-2024,COD,2.8,February,2024,25697.944,29,Wholesale,South,128489.72,0,20.00%,32122.43,6424.486,2,Q1,Feb-24,37262.0188,91227.7,Feb-24
ORD00602,Sneakers,Clothing,43852.34,3,131557.02,24-04-2024,Net Banking,4.2,April,2024,26311.404,25,Wholesale,West,131557.02,0,20.00%,43852.34,8770.468,4,Q2,Apr-24,32889.255,98667.77,Apr-24
ORD00603,Bedsheet,Home & Kitchen,23005.86,1,23005.86,18-07-2024,Credit Card,4.8,July,2024,4601.172,29,Online,East,23005.86,0,20.00%,23005.86,4601.172,7,Q3,Jul-24,6671.6994,16334.16,Jul-24
ORD00604,Sneakers,Clothing,48580.6,1,48580.6,09-10-2024,UPI,3,October,2024,9716.12,8,Wholesale,East,48580.6,0,20.00%,48580.6,9716.12,10,Q4,Oct-24,3886.448,44694.15,Oct-24
ORD00605,Face Cream,Beauty,10320.87,5,51604.35,05-02-2025,Wallet,2.8,February,2025,10320.87,14,Online,North,51604.35,0,20.00%,10320.87,2064.174,2,Q1,Feb-25,7224.609,44379.74,Feb-25
ORD00606,Cookware Set,Home & Kitchen,43149.24,1,43149.24,06-07-2024,UPI,1.9,July,2024,8629.848,9,Retail,South,43149.24,0,20.00%,43149.24,8629.848,7,Q3,Jul-24,3883.4316,39265.81,Jul-24
ORD00607,Self-Help Book,Books,567.81,4,2271.24,17-01-2025,Wallet,4.5,January,2025,454.248,13,Online,East,2271.24,0,20.00%,567.81,113.562,1,Q1,Jan-25,295.2612,1975.98,Jan-25
ORD00608,Comic Book,Books,6705.43,5,33527.15,01-09-2024,Wallet,4.5,September,2024,6705.43,28,Retail,South,33527.15,0,20.00%,6705.43,1341.086,9,Q3,Sep-24,9387.602,24139.55,Sep-24
ORD00609,T-Shirt,Clothing,29974.35,5,149871.75,01-01-2025,Wallet,3.1,January,2025,29974.35,7,Online,South,149871.75,0,20.00%,29974.35,5994.87,1,Q1,Jan-25,10491.0225,139380.73,Jan-25
ORD00610,Tablet,Electronics,5739.3,4,22957.2,15-07-2024,Credit Card,4.6,July,2024,4591.44,21,Wholesale,North,22957.2,0,20.00%,5739.3,1147.86,7,Q3,Jul-24,4821.012,18136.19,Jul-24
ORD00611,Jeans,Clothing,21417.72,4,85670.88,20-07-2024,Debit Card,4.5,July,2024,17134.176,7,Online,East,85670.88,0,20.00%,21417.72,4283.544,7,Q3,Jul-24,5996.9616,79673.92,Jul-24
ORD00612,Table Lamp,Home & Kitchen,25404.68,4,101618.72,11-01-2025,Credit Card,4.6,January,2025,20323.744,20,Online,North,101618.72,0,20.00%,25404.68,5080.936,1,Q1,Jan-25,20323.744,81294.98,Jan-25
ORD00613,Mixer Grinder,Home & Kitchen,27582.01,2,55164.02,13-02-2024,Debit Card,1.5,February,2024,11032.804,8,Retail,North,55164.02,0,20.00%,27582.01,5516.402,2,Q1,Feb-24,4413.1216,50750.9,Feb-24
ORD00614,Bedsheet,Home & Kitchen,23584.89,3,70754.67,07-07-2024,Wallet,4.1,July,2024,14150.934,22,Wholesale,East,70754.67,0,20.00%,23584.89,4716.978,7,Q3,Jul-24,15566.0274,55188.64,Jul-24
ORD00615,Educational Book,Books,24444.89,3,73334.67,29-08-2024,Wallet,1.2,August,2024,14666.934,21,Online,East,73334.67,0,20.00%,24444.89,4888.978,8,Q3,Aug-24,15400.2807,57934.39,Aug-24
ORD00616,Dress,Clothing,8080.22,2,16160.44,07-03-2024,Debit Card,3.6,March,2024,3232.088,11,Wholesale,West,16160.44,0,20.00%,8080.22,1616.044,3,Q1,Mar-24,1777.6484,14382.79,Mar-24
ORD00617,Lipstick,Beauty,27860.8,2,55721.6,14-07-2024,Credit Card,2.6,July,2024,11144.32,28,Online,West,55721.6,0,20.00%,27860.8,5572.16,7,Q3,Jul-24,15602.048,40119.55,Jul-24
ORD00618,Fiction Novel,Books,30468.47,3,91405.41,27-06-2024,Credit Card,1.7,June,2024,18281.082,27,Online,South,91405.41,0,20.00%,30468.47,6093.694,6,Q2,Jun-24,24679.4607,66725.95,Jun-24
ORD00619,Lipstick,Beauty,7718.78,1,7718.78,28-12-2024,Debit Card,1.1,December,2024,1543.756,9,Wholesale,East,7718.78,0,20.00%,7718.78,1543.756,12,Q4,Dec-24,694.6902,7024.09,Dec-24
ORD00620,Face Cream,Beauty,34866.42,1,34866.42,18-12-2024,COD,3.6,December,2024,6973.284,16,Online,West,34866.42,0,20.00%,34866.42,6973.284,12,Q4,Dec-24,5578.6272,29287.79,Dec-24
ORD00621,Sneakers,Clothing,5369.5,1,5369.5,09-10-2024,COD,3.2,October,2024,1073.9,21,Wholesale,South,5369.5,0,20.00%,5369.5,1073.9,10,Q4,Oct-24,1127.595,4241.91,Oct-24
ORD00622,Perfume,Beauty,18338.76,5,91693.8,15-02-2024,Wallet,4,February,2024,18338.76,27,Online,South,91693.8,0,20.00%,18338.76,3667.752,2,Q1,Feb-24,24757.326,66936.47,Feb-24
ORD00623,Headphones,Electronics,48287.49,4,193149.96,28-11-2024,UPI,1.1,November,2024,38629.992,17,Retail,South,193149.96,0,20.00%,48287.49,9657.498,11,Q4,Nov-24,32835.4932,160314.47,Nov-24
ORD00624,T-Shirt,Clothing,18161.01,4,72644.04,13-07-2024,Credit Card,2.3,July,2024,14528.808,27,Wholesale,West,72644.04,0,20.00%,18161.01,3632.202,7,Q3,Jul-24,19613.8908,53030.15,Jul-24
ORD00625,Jeans,Clothing,21064.01,3,63192.03,14-07-2024,Net Banking,1.9,July,2024,12638.406,29,Online,East,63192.03,0,20.00%,21064.01,4212.802,7,Q3,Jul-24,18325.6887,44866.34,Jul-24
ORD00626,Fiction Novel,Books,8598.22,5,42991.1,07-02-2025,UPI,1.4,February,2025,8598.22,7,Online,North,42991.1,0,20.00%,8598.22,1719.644,2,Q1,Feb-25,3009.377,39981.72,Feb-25
ORD00627,Smartwatch,Electronics,27897.4,2,55794.8,05-11-2024,COD,1.8,November,2024,11158.96,13,Retail,South,55794.8,0,20.00%,27897.4,5579.48,11,Q4,Nov-24,7253.324,48541.48,Nov-24
ORD00628,Lipstick,Beauty,3153.16,2,6306.32,27-08-2024,Net Banking,4.4,August,2024,1261.264,21,Wholesale,West,6306.32,0,20.00%,3153.16,630.632,8,Q3,Aug-24,1324.3272,4981.99,Aug-24
ORD00629,Headphones,Electronics,25634.9,1,25634.9,01-10-2024,Net Banking,4.3,October,2024,5126.98,21,Online,West,25634.9,0,20.00%,25634.9,5126.98,10,Q4,Oct-24,5383.329,20251.57,Oct-24
ORD00630,Smartphone,Electronics,9427.83,3,28283.49,14-06-2024,Net Banking,4.2,June,2024,5656.698,24,Retail,North,28283.49,0,20.00%,9427.83,1885.566,6,Q2,Jun-24,6788.0376,21495.45,Jun-24
ORD00631,Shampoo,Beauty,22564.13,1,22564.13,10-10-2024,Wallet,3.2,October,2024,4512.826,20,Online,North,22564.13,0,20.00%,22564.13,4512.826,10,Q4,Oct-24,4512.826,18051.3,Oct-24
ORD00632,Sneakers,Clothing,47288.95,1,47288.95,10-01-2025,Wallet,3.1,January,2025,9457.79,29,Wholesale,West,47288.95,0,20.00%,47288.95,9457.79,1,Q1,Jan-25,13713.7955,33575.15,Jan-25
ORD00633,Educational Book,Books,24537.79,3,73613.37,09-10-2024,Credit Card,1.6,October,2024,14722.674,26,Online,East,73613.37,0,20.00%,24537.79,4907.558,10,Q4,Oct-24,19139.4762,54473.89,Oct-24
ORD00634,Smartwatch,Electronics,22226.76,5,111133.8,15-06-2024,Debit Card,4.7,June,2024,22226.76,17,Online,North,111133.8,0,20.00%,22226.76,4445.352,6,Q2,Jun-24,18892.746,92241.05,Jun-24
ORD00635,Hair Dryer,Beauty,14103.34,2,28206.68,23-06-2024,COD,1.6,June,2024,5641.336,23,Online,West,28206.68,0,20.00%,14103.34,2820.668,6,Q2,Jun-24,6487.5364,21719.14,Jun-24
ORD00636,Sofa Cover,Home & Kitchen,19376.32,1,19376.32,22-09-2024,UPI,4.5,September,2024,3875.264,21,Online,North,19376.32,0,20.00%,19376.32,3875.264,9,Q3,Sep-24,4069.0272,15307.29,Sep-24
ORD00637,Educational Book,Books,41619.15,1,41619.15,11-05-2024,Debit Card,4.9,May,2024,8323.83,8,Retail,East,41619.15,0,20.00%,41619.15,8323.83,5,Q2,May-24,3329.532,38289.62,May-24
ORD00638,Cookware Set,Home & Kitchen,14084.61,3,42253.83,15-09-2024,Wallet,4.9,September,2024,8450.766,16,Retail,South,42253.83,0,20.00%,14084.61,2816.922,9,Q3,Sep-24,6760.6128,35493.22,Sep-24
ORD00639,Smartwatch,Electronics,25935.66,5,129678.3,23-12-2024,Debit Card,3.7,December,2024,25935.66,13,Wholesale,North,129678.3,0,20.00%,25935.66,5187.132,12,Q4,Dec-24,16858.179,112820.12,Dec-24
ORD00640,Smartwatch,Electronics,30657.64,5,153288.2,10-12-2024,Net Banking,4.8,December,2024,30657.64,23,Retail,East,153288.2,0,20.00%,30657.64,6131.528,12,Q4,Dec-24,35256.286,118031.91,Dec-24
ORD00641,Dress,Clothing,13596.18,3,40788.54,06-07-2024,Credit Card,2.9,July,2024,8157.708,16,Retail,West,40788.54,0,20.00%,13596.18,2719.236,7,Q3,Jul-24,6526.1664,34262.37,Jul-24
ORD00642,Hair Dryer,Beauty,28379.75,5,141898.75,03-12-2024,COD,4.4,December,2024,28379.75,13,Wholesale,North,141898.75,0,20.00%,28379.75,5675.95,12,Q4,Dec-24,18446.8375,123451.91,Dec-24
ORD00643,Dress,Clothing,12422.09,2,24844.18,05-04-2024,COD,3.4,April,2024,4968.836,11,Retail,North,24844.18,0,20.00%,12422.09,2484.418,4,Q2,Apr-24,2732.8598,22111.32,Apr-24
ORD00644,Shampoo,Beauty,18747.94,1,18747.94,31-10-2024,Net Banking,2.2,October,2024,3749.588,18,Retail,West,18747.94,0,20.00%,18747.94,3749.588,10,Q4,Oct-24,3374.6292,15373.31,Oct-24
ORD00645,Smartwatch,Electronics,35524.56,1,35524.56,08-08-2024,UPI,2,August,2024,7104.912,24,Wholesale,South,35524.56,0,20.00%,35524.56,7104.912,8,Q3,Aug-24,8525.8944,26998.67,Aug-24
ORD00646,T-Shirt,Clothing,36454.63,1,36454.63,21-06-2024,UPI,4.3,June,2024,7290.926,23,Wholesale,West,36454.63,0,20.00%,36454.63,7290.926,6,Q2,Jun-24,8384.5649,28070.07,Jun-24
ORD00647,Laptop,Electronics,23249.27,3,69747.81,28-09-2024,Credit Card,2.2,September,2024,13949.562,30,Wholesale,North,69747.81,0,20.00%,23249.27,4649.854,9,Q3,Sep-24,20924.343,48823.47,Sep-24
ORD00648,Shampoo,Beauty,48842.53,1,48842.53,12-05-2024,Net Banking,2.7,May,2024,9768.506,19,Online,West,48842.53,0,20.00%,48842.53,9768.506,5,Q2,May-24,9280.0807,39562.45,May-24
ORD00649,Tablet,Electronics,21881.01,1,21881.01,11-05-2024,Wallet,3.5,May,2024,4376.202,20,Online,East,21881.01,0,20.00%,21881.01,4376.202,5,Q2,May-24,4376.202,17504.81,May-24
ORD00650,Educational Book,Books,38964.36,5,194821.8,29-10-2024,Wallet,3.9,October,2024,38964.36,25,Wholesale,West,194821.8,0,20.00%,38964.36,7792.872,10,Q4,Oct-24,48705.45,146116.35,Oct-24
ORD00651,Sofa Cover,Home & Kitchen,1435.38,4,5741.52,24-03-2024,UPI,2,March,2024,1148.304,9,Wholesale,North,5741.52,0,20.00%,1435.38,287.076,3,Q1,Mar-24,516.7368,5224.78,Mar-24
ORD00652,Laptop,Electronics,2536.16,5,12680.8,18-05-2024,COD,1.8,May,2024,2536.16,7,Wholesale,West,12680.8,0,20.00%,2536.16,507.232,5,Q2,May-24,887.656,11793.14,May-24
ORD00653,Headphones,Electronics,21992.38,5,109961.9,28-07-2024,Debit Card,3.9,July,2024,21992.38,16,Online,South,109961.9,0,20.00%,21992.38,4398.476,7,Q3,Jul-24,17593.904,92368,Jul-24
ORD00654,Lipstick,Beauty,20194.2,2,40388.4,16-10-2024,Debit Card,3.1,October,2024,8077.68,29,Online,West,40388.4,0,20.00%,20194.2,4038.84,10,Q4,Oct-24,11712.636,28675.76,Oct-24
ORD00655,Jacket,Clothing,18789.81,3,56369.43,25-04-2024,Debit Card,2,April,2024,11273.886,24,Retail,South,56369.43,0,20.00%,18789.81,3757.962,4,Q2,Apr-24,13528.6632,42840.77,Apr-24
ORD00656,Laptop,Electronics,33027.63,2,66055.26,31-08-2024,COD,1.5,August,2024,13211.052,25,Retail,East,66055.26,0,20.00%,33027.63,6605.526,8,Q3,Aug-24,16513.815,49541.45,Aug-24
ORD00657,Shampoo,Beauty,44953.24,5,224766.2,27-07-2024,Wallet,1.1,July,2024,44953.24,8,Wholesale,South,224766.2,0,20.00%,44953.24,8990.648,7,Q3,Jul-24,17981.296,206784.9,Jul-24
ORD00658,Jacket,Clothing,47047.23,5,235236.15,17-11-2024,Wallet,3,November,2024,47047.23,25,Online,West,235236.15,0,20.00%,47047.23,9409.446,11,Q4,Nov-24,58809.0375,176427.11,Nov-24
ORD00659,Headphones,Electronics,34358.78,3,103076.34,28-09-2024,Net Banking,2.4,September,2024,20615.268,27,Online,North,103076.34,0,20.00%,34358.78,6871.756,9,Q3,Sep-24,27830.6118,75245.73,Sep-24
ORD00660,Lipstick,Beauty,12779.59,5,63897.95,24-11-2024,Credit Card,2.8,November,2024,12779.59,20,Online,South,63897.95,0,20.00%,12779.59,2555.918,11,Q4,Nov-24,12779.59,51118.36,Nov-24
ORD00661,Cookbook,Books,30878.47,5,154392.35,11-07-2024,UPI,2.5,July,2024,30878.47,29,Wholesale,East,154392.35,0,20.00%,30878.47,6175.694,7,Q3,Jul-24,44773.7815,109618.57,Jul-24
ORD00662,Face Cream,Beauty,24227.24,1,24227.24,01-03-2024,Debit Card,2.7,March,2024,4845.448,11,Retail,South,24227.24,0,20.00%,24227.24,4845.448,3,Q1,Mar-24,2664.9964,21562.24,Mar-24
ORD00663,Jeans,Clothing,15282.31,4,61129.24,17-06-2024,Net Banking,2.1,June,2024,12225.848,17,Wholesale,South,61129.24,0,20.00%,15282.31,3056.462,6,Q2,Jun-24,10391.9708,50737.27,Jun-24
ORD00664,Lipstick,Beauty,46933.96,1,46933.96,03-06-2024,Debit Card,2.5,June,2024,9386.792,25,Retail,South,46933.96,0,20.00%,46933.96,9386.792,6,Q2,Jun-24,11733.49,35200.47,Jun-24
ORD00665,Perfume,Beauty,14622.12,1,14622.12,02-01-2025,Credit Card,4.9,January,2025,2924.424,14,Retail,East,14622.12,0,20.00%,14622.12,2924.424,1,Q1,Jan-25,2047.0968,12575.02,Jan-25
ORD00666,Cookbook,Books,34830.28,4,139321.12,13-11-2024,Credit Card,2.9,November,2024,27864.224,30,Wholesale,West,139321.12,0,20.00%,34830.28,6966.056,11,Q4,Nov-24,41796.336,97524.78,Nov-24
ORD00667,Perfume,Beauty,43118.19,5,215590.95,17-01-2025,Net Banking,4,January,2025,43118.19,11,Retail,South,215590.95,0,20.00%,43118.19,8623.638,1,Q1,Jan-25,23715.0045,191875.95,Jan-25
ORD00668,Cookbook,Books,29885.36,3,89656.08,04-05-2024,Debit Card,4.1,May,2024,17931.216,18,Retail,South,89656.08,0,20.00%,29885.36,5977.072,5,Q2,May-24,16138.0944,73517.99,May-24
ORD00669,Educational Book,Books,7728.33,5,38641.65,28-06-2024,COD,3.9,June,2024,7728.33,30,Online,North,38641.65,0,20.00%,7728.33,1545.666,6,Q2,Jun-24,11592.495,27049.16,Jun-24
ORD00670,Cookware Set,Home & Kitchen,36096.74,5,180483.7,22-01-2025,Net Banking,1.8,January,2025,36096.74,9,Retail,East,180483.7,0,20.00%,36096.74,7219.348,1,Q1,Jan-25,16243.533,164240.17,Jan-25
ORD00671,T-Shirt,Clothing,19275.66,4,77102.64,17-04-2024,Net Banking,1.8,April,2024,15420.528,7,Wholesale,South,77102.64,0,20.00%,19275.66,3855.132,4,Q2,Apr-24,5397.1848,71705.46,Apr-24
ORD00672,Sofa Cover,Home & Kitchen,15387.59,4,61550.36,23-09-2024,Wallet,1,September,2024,12310.072,27,Wholesale,East,61550.36,0,20.00%,15387.59,3077.518,9,Q3,Sep-24,16618.5972,44931.76,Sep-24
ORD00673,Smartphone,Electronics,23806.64,1,23806.64,02-03-2024,Debit Card,2.5,March,2024,4761.328,15,Retail,South,23806.64,0,20.00%,23806.64,4761.328,3,Q1,Mar-24,3570.996,20235.64,Mar-24
ORD00674,Hair Dryer,Beauty,28568.97,1,28568.97,02-07-2024,Debit Card,1,July,2024,5713.794,15,Online,West,28568.97,0,20.00%,28568.97,5713.794,7,Q3,Jul-24,4285.3455,24283.62,Jul-24
ORD00675,Laptop,Electronics,40753.52,1,40753.52,01-03-2024,Debit Card,4.2,March,2024,8150.704,22,Online,West,40753.52,0,20.00%,40753.52,8150.704,3,Q1,Mar-24,8965.7744,31787.75,Mar-24
ORD00676,Tablet,Electronics,38571.81,4,154287.24,16-03-2024,COD,1.2,March,2024,30857.448,19,Retail,South,154287.24,0,20.00%,38571.81,7714.362,3,Q1,Mar-24,29314.5756,124972.66,Mar-24
ORD00677,Smartphone,Electronics,25161.91,5,125809.55,04-05-2024,Wallet,3.4,May,2024,25161.91,16,Retail,West,125809.55,0,20.00%,25161.91,5032.382,5,Q2,May-24,20129.528,105680.02,May-24
ORD00678,Perfume,Beauty,12124.19,3,36372.57,21-11-2024,Debit Card,4.7,November,2024,7274.514,13,Wholesale,South,36372.57,0,20.00%,12124.19,2424.838,11,Q4,Nov-24,4728.4341,31644.14,Nov-24
ORD00679,Educational Book,Books,2013.64,3,6040.92,13-03-2024,UPI,3.8,March,2024,1208.184,14,Retail,West,6040.92,0,20.00%,2013.64,402.728,3,Q1,Mar-24,845.7288,5195.19,Mar-24
ORD00680,Bedsheet,Home & Kitchen,6002.25,3,18006.75,04-10-2024,COD,3.5,October,2024,3601.35,30,Online,North,18006.75,0,20.00%,6002.25,1200.45,10,Q4,Oct-24,5402.025,12604.73,Oct-24
ORD00681,Self-Help Book,Books,31332.42,4,125329.68,08-09-2024,Credit Card,1.4,September,2024,25065.936,16,Retail,North,125329.68,0,20.00%,31332.42,6266.484,9,Q3,Sep-24,20052.7488,105276.93,Sep-24
ORD00682,Bedsheet,Home & Kitchen,17539.19,1,17539.19,07-07-2024,Wallet,3.9,July,2024,3507.838,21,Wholesale,North,17539.19,0,20.00%,17539.19,3507.838,7,Q3,Jul-24,3683.2299,13855.96,Jul-24
ORD00683,Fiction Novel,Books,14865.47,2,29730.94,23-08-2024,UPI,1.6,August,2024,5946.188,10,Wholesale,East,29730.94,0,20.00%,14865.47,2973.094,8,Q3,Aug-24,2973.094,26757.85,Aug-24
ORD00684,Dress,Clothing,48130.6,5,240653,23-11-2024,UPI,4,November,2024,48130.6,11,Wholesale,East,240653,0,20.00%,48130.6,9626.12,11,Q4,Nov-24,26471.83,214181.17,Nov-24
ORD00685,Educational Book,Books,8970.27,3,26910.81,21-06-2024,COD,1.1,June,2024,5382.162,18,Wholesale,North,26910.81,0,20.00%,8970.27,1794.054,6,Q2,Jun-24,4843.9458,22066.86,Jun-24
ORD00686,Headphones,Electronics,14359.73,2,28719.46,22-06-2024,UPI,4.4,June,2024,5743.892,17,Wholesale,East,28719.46,0,20.00%,14359.73,2871.946,6,Q2,Jun-24,4882.3082,23837.15,Jun-24
ORD00687,Perfume,Beauty,17009.73,4,68038.92,12-11-2024,Debit Card,3.7,November,2024,13607.784,12,Retail,West,68038.92,0,20.00%,17009.73,3401.946,11,Q4,Nov-24,8164.6704,59874.25,Nov-24
ORD00688,T-Shirt,Clothing,10385.24,2,20770.48,22-03-2024,UPI,4.7,March,2024,4154.096,14,Retail,South,20770.48,0,20.00%,10385.24,2077.048,3,Q1,Mar-24,2907.8672,17862.61,Mar-24
ORD00689,Tablet,Electronics,28261.1,2,56522.2,26-01-2025,Wallet,4.3,January,2025,11304.44,13,Retail,South,56522.2,0,20.00%,28261.1,5652.22,1,Q1,Jan-25,7347.886,49174.31,Jan-25
ORD00690,Jeans,Clothing,23320.94,2,46641.88,02-05-2024,Wallet,3.2,May,2024,9328.376,22,Retail,South,46641.88,0,20.00%,23320.94,4664.188,5,Q2,May-24,10261.2136,36380.67,May-24
ORD00691,T-Shirt,Clothing,16038,5,80190,20-12-2024,Credit Card,2.3,December,2024,16038,30,Wholesale,North,80190,0,20.00%,16038,3207.6,12,Q4,Dec-24,24057,56133,Dec-24
ORD00692,Sneakers,Clothing,43719.71,5,218598.55,12-11-2024,UPI,3.4,November,2024,43719.71,6,Online,East,218598.55,0,20.00%,43719.71,8743.942,11,Q4,Nov-24,13115.913,205482.64,Nov-24
ORD00693,Cookbook,Books,19669.48,2,39338.96,17-05-2024,Wallet,2,May,2024,7867.792,9,Retail,West,39338.96,0,20.00%,19669.48,3933.896,5,Q2,May-24,3540.5064,35798.45,May-24
ORD00694,Lipstick,Beauty,27396.01,1,27396.01,20-03-2024,COD,4.9,March,2024,5479.202,9,Online,West,27396.01,0,20.00%,27396.01,5479.202,3,Q1,Mar-24,2465.6409,24930.37,Mar-24
ORD00695,Jacket,Clothing,13763.17,5,68815.85,22-05-2024,Wallet,3.6,May,2024,13763.17,10,Retail,North,68815.85,0,20.00%,13763.17,2752.634,5,Q2,May-24,6881.585,61934.27,May-24
ORD00696,Cookware Set,Home & Kitchen,6421.63,2,12843.26,05-03-2024,Net Banking,1.5,March,2024,2568.652,23,Retail,West,12843.26,0,20.00%,6421.63,1284.326,3,Q1,Mar-24,2953.9498,9889.31,Mar-24
ORD00697,Self-Help Book,Books,4617.2,4,18468.8,19-03-2024,UPI,3.8,March,2024,3693.76,12,Online,West,18468.8,0,20.00%,4617.2,923.44,3,Q1,Mar-24,2216.256,16252.54,Mar-24
ORD00698,T-Shirt,Clothing,6022.31,5,30111.55,09-08-2024,Credit Card,3.5,August,2024,6022.31,20,Wholesale,West,30111.55,0,20.00%,6022.31,1204.462,8,Q3,Aug-24,6022.31,24089.24,Aug-24
ORD00699,Face Cream,Beauty,38968.52,4,155874.08,04-11-2024,Net Banking,3.9,November,2024,31174.816,17,Retail,West,155874.08,0,20.00%,38968.52,7793.704,11,Q4,Nov-24,26498.5936,129375.49,Nov-24
ORD00700,Laptop,Electronics,20435.34,5,102176.7,17-10-2024,Credit Card,3.8,October,2024,20435.34,5,Retail,East,102176.7,0,20.00%,20435.34,4087.068,10,Q4,Oct-24,5108.835,97067.87,Oct-24
ORD00701,Tablet,Electronics,25115.71,2,50231.42,18-08-2024,Wallet,2.5,August,2024,10046.284,26,Retail,West,50231.42,0,20.00%,25115.71,5023.142,8,Q3,Aug-24,13060.1692,37171.25,Aug-24
ORD00702,Headphones,Electronics,36115.48,1,36115.48,13-04-2024,UPI,3,April,2024,7223.096,24,Online,South,36115.48,0,20.00%,36115.48,7223.096,4,Q2,Apr-24,8667.7152,27447.76,Apr-24
ORD00703,Table Lamp,Home & Kitchen,13372.74,2,26745.48,08-09-2024,Wallet,1.7,September,2024,5349.096,21,Wholesale,North,26745.48,0,20.00%,13372.74,2674.548,9,Q3,Sep-24,5616.5508,21128.93,Sep-24
ORD00704,Educational Book,Books,32472.59,1,32472.59,27-03-2024,Wallet,1,March,2024,6494.518,11,Online,East,32472.59,0,20.00%,32472.59,6494.518,3,Q1,Mar-24,3571.9849,28900.61,Mar-24
ORD00705,Fiction Novel,Books,12097.46,5,60487.3,21-05-2024,COD,4.2,May,2024,12097.46,29,Online,West,60487.3,0,20.00%,12097.46,2419.492,5,Q2,May-24,17541.317,42945.98,May-24
ORD00706,Cookbook,Books,34446.42,3,103339.26,27-02-2024,UPI,2.4,February,2024,20667.852,17,Wholesale,East,103339.26,0,20.00%,34446.42,6889.284,2,Q1,Feb-24,17567.6742,85771.59,Feb-24
ORD00707,Educational Book,Books,13420.4,4,53681.6,26-12-2024,COD,4.7,December,2024,10736.32,8,Online,West,53681.6,0,20.00%,13420.4,2684.08,12,Q4,Dec-24,4294.528,49387.07,Dec-24
ORD00708,Comic Book,Books,20686.94,3,62060.82,26-12-2024,Wallet,4.1,December,2024,12412.164,8,Wholesale,South,62060.82,0,20.00%,20686.94,4137.388,12,Q4,Dec-24,4964.8656,57095.95,Dec-24
ORD00709,Headphones,Electronics,29418.33,2,58836.66,30-07-2024,COD,3.3,July,2024,11767.332,10,Retail,North,58836.66,0,20.00%,29418.33,5883.666,7,Q3,Jul-24,5883.666,52952.99,Jul-24
ORD00710,Self-Help Book,Books,6115.91,1,6115.91,14-05-2024,UPI,1.5,May,2024,1223.182,23,Wholesale,West,6115.91,0,20.00%,6115.91,1223.182,5,Q2,May-24,1406.6593,4709.25,May-24
ORD00711,Self-Help Book,Books,33404.12,3,100212.36,21-08-2024,Debit Card,2.7,August,2024,20042.472,16,Retail,West,100212.36,0,20.00%,33404.12,6680.824,8,Q3,Aug-24,16033.9776,84178.38,Aug-24
ORD00712,Jeans,Clothing,40046.19,2,80092.38,07-05-2024,UPI,1.2,May,2024,16018.476,26,Online,West,80092.38,0,20.00%,40046.19,8009.238,5,Q2,May-24,20824.0188,59268.36,May-24
ORD00713,Self-Help Book,Books,22709.95,2,45419.9,24-10-2024,Credit Card,4,October,2024,9083.98,11,Online,West,45419.9,0,20.00%,22709.95,4541.99,10,Q4,Oct-24,4996.189,40423.71,Oct-24
ORD00714,Fiction Novel,Books,22315.58,1,22315.58,08-09-2024,UPI,2.6,September,2024,4463.116,14,Retail,North,22315.58,0,20.00%,22315.58,4463.116,9,Q3,Sep-24,3124.1812,19191.4,Sep-24
ORD00715,Jeans,Clothing,47608.93,1,47608.93,25-02-2024,UPI,4.2,February,2024,9521.786,30,Online,North,47608.93,0,20.00%,47608.93,9521.786,2,Q1,Feb-24,14282.679,33326.25,Feb-24
ORD00716,Jacket,Clothing,19846.64,1,19846.64,09-08-2024,Net Banking,3.3,August,2024,3969.328,23,Wholesale,South,19846.64,0,20.00%,19846.64,3969.328,8,Q3,Aug-24,4564.7272,15281.91,Aug-24
ORD00717,Fiction Novel,Books,5975.89,3,17927.67,01-09-2024,UPI,4.8,September,2024,3585.534,11,Retail,North,17927.67,0,20.00%,5975.89,1195.178,9,Q3,Sep-24,1972.0437,15955.63,Sep-24
ORD00718,Fiction Novel,Books,49409.89,4,197639.56,26-09-2024,Net Banking,4.1,September,2024,39527.912,7,Online,West,197639.56,0,20.00%,49409.89,9881.978,9,Q3,Sep-24,13834.7692,183804.79,Sep-24
ORD00719,Dress,Clothing,13885.05,5,69425.25,12-10-2024,Credit Card,3.5,October,2024,13885.05,17,Retail,South,69425.25,0,20.00%,13885.05,2777.01,10,Q4,Oct-24,11802.2925,57622.96,Oct-24
ORD00720,Shampoo,Beauty,4080.78,3,12242.34,08-04-2024,Credit Card,4.9,April,2024,2448.468,17,Wholesale,South,12242.34,0,20.00%,4080.78,816.156,4,Q2,Apr-24,2081.1978,10161.14,Apr-24
ORD00721,Headphones,Electronics,27306.31,3,81918.93,18-03-2024,Credit Card,3.8,March,2024,16383.786,22,Wholesale,South,81918.93,0,20.00%,27306.31,5461.262,3,Q1,Mar-24,18022.1646,63896.77,Mar-24
ORD00722,Cookware Set,Home & Kitchen,16580.24,5,82901.2,02-12-2024,Net Banking,4.6,December,2024,16580.24,30,Online,West,82901.2,0,20.00%,16580.24,3316.048,12,Q4,Dec-24,24870.36,58030.84,Dec-24
ORD00723,Comic Book,Books,12798.83,4,51195.32,06-11-2024,UPI,5,November,2024,10239.064,24,Wholesale,East,51195.32,0,20.00%,12798.83,2559.766,11,Q4,Nov-24,12286.8768,38908.44,Nov-24
ORD00724,Educational Book,Books,18574.12,1,18574.12,14-10-2024,Wallet,3.3,October,2024,3714.824,12,Retail,West,18574.12,0,20.00%,18574.12,3714.824,10,Q4,Oct-24,2228.8944,16345.23,Oct-24
ORD00725,Cookware Set,Home & Kitchen,30836.98,4,123347.92,14-02-2024,Wallet,1.1,February,2024,24669.584,13,Wholesale,North,123347.92,0,20.00%,30836.98,6167.396,2,Q1,Feb-24,16035.2296,107312.69,Feb-24
ORD00726,Sneakers,Clothing,48620.13,4,194480.52,21-07-2024,Debit Card,1.9,July,2024,38896.104,11,Retail,North,194480.52,0,20.00%,48620.13,9724.026,7,Q3,Jul-24,21392.8572,173087.66,Jul-24
ORD00727,Cookbook,Books,16390.44,2,32780.88,12-08-2024,Credit Card,4.2,August,2024,6556.176,5,Retail,West,32780.88,0,20.00%,16390.44,3278.088,8,Q3,Aug-24,1639.044,31141.84,Aug-24
ORD00728,Face Cream,Beauty,18862.01,3,56586.03,10-12-2024,Wallet,3,December,2024,11317.206,7,Wholesale,West,56586.03,0,20.00%,18862.01,3772.402,12,Q4,Dec-24,3961.0221,52625.01,Dec-24
ORD00729,Smartwatch,Electronics,11448.28,1,11448.28,04-08-2024,Net Banking,3.6,August,2024,2289.656,17,Online,South,11448.28,0,20.00%,11448.28,2289.656,8,Q3,Aug-24,1946.2076,9502.07,Aug-24
ORD00730,Hair Dryer,Beauty,24384.05,2,48768.1,26-07-2024,Debit Card,3,July,2024,9753.62,29,Wholesale,West,48768.1,0,20.00%,24384.05,4876.81,7,Q3,Jul-24,14142.749,34625.35,Jul-24
ORD00731,Perfume,Beauty,18179.43,1,18179.43,20-03-2024,Wallet,4.3,March,2024,3635.886,21,Retail,South,18179.43,0,20.00%,18179.43,3635.886,3,Q1,Mar-24,3817.6803,14361.75,Mar-24
ORD00732,Cookware Set,Home & Kitchen,22430.51,1,22430.51,19-09-2024,Credit Card,4.5,September,2024,4486.102,29,Retail,North,22430.51,0,20.00%,22430.51,4486.102,9,Q3,Sep-24,6504.8479,15925.66,Sep-24
ORD00733,Sofa Cover,Home & Kitchen,10241.78,2,20483.56,15-01-2025,Wallet,3.7,January,2025,4096.712,28,Wholesale,South,20483.56,0,20.00%,10241.78,2048.356,1,Q1,Jan-25,5735.3968,14748.16,Jan-25
ORD00734,Dress,Clothing,17800.74,3,53402.22,05-11-2024,Wallet,2.9,November,2024,10680.444,5,Online,West,53402.22,0,20.00%,17800.74,3560.148,11,Q4,Nov-24,2670.111,50732.11,Nov-24
ORD00735,Comic Book,Books,16174.96,5,80874.8,19-02-2024,Credit Card,4.9,February,2024,16174.96,10,Online,North,80874.8,0,20.00%,16174.96,3234.992,2,Q1,Feb-24,8087.48,72787.32,Feb-24
ORD00736,Cookware Set,Home & Kitchen,2370.61,5,11853.05,08-06-2024,Debit Card,3.1,June,2024,2370.61,25,Retail,East,11853.05,0,20.00%,2370.61,474.122,6,Q2,Jun-24,2963.2625,8889.79,Jun-24
ORD00737,Hair Dryer,Beauty,139.85,3,419.55,14-09-2024,UPI,2,September,2024,83.91,10,Retail,South,419.55,0,20.00%,139.85,27.97,9,Q3,Sep-24,41.955,377.6,Sep-24
ORD00738,Smartwatch,Electronics,2519.18,1,2519.18,01-12-2024,Net Banking,2.4,December,2024,503.836,30,Online,North,2519.18,0,20.00%,2519.18,503.836,12,Q4,Dec-24,755.754,1763.43,Dec-24
ORD00739,Hair Dryer,Beauty,32626.32,4,130505.28,21-10-2024,UPI,2.9,October,2024,26101.056,16,Wholesale,South,130505.28,0,20.00%,32626.32,6525.264,10,Q4,Oct-24,20880.8448,109624.44,Oct-24
ORD00740,Smartphone,Electronics,14636.55,3,43909.65,09-05-2024,Credit Card,3.6,May,2024,8781.93,17,Retail,North,43909.65,0,20.00%,14636.55,2927.31,5,Q2,May-24,7464.6405,36445.01,May-24
ORD00741,Face Cream,Beauty,19549.44,5,97747.2,07-08-2024,Wallet,1.7,August,2024,19549.44,17,Retail,North,97747.2,0,20.00%,19549.44,3909.888,8,Q3,Aug-24,16617.024,81130.18,Aug-24
ORD00742,Headphones,Electronics,37195.73,2,74391.46,28-11-2024,UPI,2.7,November,2024,14878.292,19,Online,South,74391.46,0,20.00%,37195.73,7439.146,11,Q4,Nov-24,14134.3774,60257.08,Nov-24
ORD00743,Sofa Cover,Home & Kitchen,34821.93,3,104465.79,20-10-2024,Credit Card,4.4,October,2024,20893.158,25,Wholesale,East,104465.79,0,20.00%,34821.93,6964.386,10,Q4,Oct-24,26116.4475,78349.34,Oct-24
ORD00744,Lipstick,Beauty,28630.92,4,114523.68,18-01-2025,Credit Card,4.2,January,2025,22904.736,20,Online,North,114523.68,0,20.00%,28630.92,5726.184,1,Q1,Jan-25,22904.736,91618.94,Jan-25
ORD00745,T-Shirt,Clothing,25059.36,5,125296.8,07-03-2024,UPI,2.4,March,2024,25059.36,26,Wholesale,North,125296.8,0,20.00%,25059.36,5011.872,3,Q1,Mar-24,32577.168,92719.63,Mar-24
ORD00746,Sofa Cover,Home & Kitchen,47795.34,1,47795.34,13-12-2024,COD,2.3,December,2024,9559.068,25,Wholesale,North,47795.34,0,20.00%,47795.34,9559.068,12,Q4,Dec-24,11948.835,35846.51,Dec-24
ORD00747,Sneakers,Clothing,36918.2,4,147672.8,28-02-2024,Wallet,3.2,February,2024,29534.56,15,Wholesale,East,147672.8,0,20.00%,36918.2,7383.64,2,Q1,Feb-24,22150.92,125521.88,Feb-24
ORD00748,Lipstick,Beauty,3394.38,3,10183.14,26-06-2024,UPI,3.5,June,2024,2036.628,9,Retail,East,10183.14,0,20.00%,3394.38,678.876,6,Q2,Jun-24,916.4826,9266.66,Jun-24
ORD00749,Smartphone,Electronics,11142.38,5,55711.9,07-08-2024,Credit Card,3.3,August,2024,11142.38,8,Online,West,55711.9,0,20.00%,11142.38,2228.476,8,Q3,Aug-24,4456.952,51254.95,Aug-24
ORD00750,Cookware Set,Home & Kitchen,18602.85,5,93014.25,25-10-2024,UPI,4.3,October,2024,18602.85,7,Online,South,93014.25,0,20.00%,18602.85,3720.57,10,Q4,Oct-24,6510.9975,86503.25,Oct-24
ORD00751,Jacket,Clothing,13557.11,5,67785.55,25-05-2024,Net Banking,1.3,May,2024,13557.11,23,Wholesale,East,67785.55,0,20.00%,13557.11,2711.422,5,Q2,May-24,15590.6765,52194.87,May-24
ORD00752,Mixer Grinder,Home & Kitchen,13559.18,1,13559.18,11-08-2024,Debit Card,1,August,2024,2711.836,24,Retail,South,13559.18,0,20.00%,13559.18,2711.836,8,Q3,Aug-24,3254.2032,10304.98,Aug-24
ORD00753,Tablet,Electronics,41926.03,2,83852.06,01-02-2025,COD,3.6,February,2025,16770.412,29,Retail,West,83852.06,0,20.00%,41926.03,8385.206,2,Q1,Feb-25,24317.0974,59534.96,Feb-25
ORD00754,Lipstick,Beauty,12930.46,4,51721.84,30-12-2024,Net Banking,1.9,December,2024,10344.368,22,Online,South,51721.84,0,20.00%,12930.46,2586.092,12,Q4,Dec-24,11378.8048,40343.04,Dec-24
ORD00755,Laptop,Electronics,37355.59,3,112066.77,08-07-2024,Wallet,1.7,July,2024,22413.354,19,Retail,East,112066.77,0,20.00%,37355.59,7471.118,7,Q3,Jul-24,21292.6863,90774.08,Jul-24
ORD00756,Lipstick,Beauty,18385.32,5,91926.6,15-05-2024,UPI,3.8,May,2024,18385.32,13,Retail,South,91926.6,0,20.00%,18385.32,3677.064,5,Q2,May-24,11950.458,79976.14,May-24
ORD00757,Cookbook,Books,5299.58,4,21198.32,27-08-2024,Debit Card,2.8,August,2024,4239.664,21,Wholesale,East,21198.32,0,20.00%,5299.58,1059.916,8,Q3,Aug-24,4451.6472,16746.67,Aug-24
ORD00758,Educational Book,Books,7649.41,4,30597.64,16-04-2024,UPI,1.6,April,2024,6119.528,18,Retail,South,30597.64,0,20.00%,7649.41,1529.882,4,Q2,Apr-24,5507.5752,25090.06,Apr-24
ORD00759,Mixer Grinder,Home & Kitchen,36950.98,4,147803.92,07-10-2024,Debit Card,3,October,2024,29560.784,19,Wholesale,East,147803.92,0,20.00%,36950.98,7390.196,10,Q4,Oct-24,28082.7448,119721.18,Oct-24
ORD00760,Comic Book,Books,2136.99,1,2136.99,07-09-2024,Net Banking,2.2,September,2024,427.398,5,Online,East,2136.99,0,20.00%,2136.99,427.398,9,Q3,Sep-24,106.8495,2030.14,Sep-24
ORD00761,Sofa Cover,Home & Kitchen,19693.93,5,98469.65,13-04-2024,Wallet,1.9,April,2024,19693.93,25,Retail,South,98469.65,0,20.00%,19693.93,3938.786,4,Q2,Apr-24,24617.4125,73852.24,Apr-24
ORD00762,Sofa Cover,Home & Kitchen,16179.61,2,32359.22,11-11-2024,Debit Card,2.7,November,2024,6471.844,26,Online,West,32359.22,0,20.00%,16179.61,3235.922,11,Q4,Nov-24,8413.3972,23945.82,Nov-24
ORD00763,Educational Book,Books,45910.23,4,183640.92,26-12-2024,Net Banking,1.6,December,2024,36728.184,26,Online,North,183640.92,0,20.00%,45910.23,9182.046,12,Q4,Dec-24,47746.6392,135894.28,Dec-24
ORD00764,Lipstick,Beauty,6685.9,2,13371.8,20-02-2024,Debit Card,2,February,2024,2674.36,7,Retail,West,13371.8,0,20.00%,6685.9,1337.18,2,Q1,Feb-24,936.026,12435.77,Feb-24
ORD00765,Self-Help Book,Books,2258.89,3,6776.67,12-09-2024,Wallet,2,September,2024,1355.334,20,Retail,South,6776.67,0,20.00%,2258.89,451.778,9,Q3,Sep-24,1355.334,5421.34,Sep-24
ORD00766,Educational Book,Books,25282.52,1,25282.52,06-09-2024,Credit Card,4.5,September,2024,5056.504,27,Online,West,25282.52,0,20.00%,25282.52,5056.504,9,Q3,Sep-24,6826.2804,18456.24,Sep-24
ORD00767,Shampoo,Beauty,11461.72,5,57308.6,06-11-2024,Debit Card,3,November,2024,11461.72,29,Retail,East,57308.6,0,20.00%,11461.72,2292.344,11,Q4,Nov-24,16619.494,40689.11,Nov-24
ORD00768,Shampoo,Beauty,17915.6,4,71662.4,28-08-2024,UPI,1.8,August,2024,14332.48,15,Wholesale,North,71662.4,0,20.00%,17915.6,3583.12,8,Q3,Aug-24,10749.36,60913.04,Aug-24
ORD00769,Lipstick,Beauty,22703.03,2,45406.06,06-05-2024,Net Banking,5,May,2024,9081.212,16,Wholesale,South,45406.06,0,20.00%,22703.03,4540.606,5,Q2,May-24,7264.9696,38141.09,May-24
ORD00770,Headphones,Electronics,42210.82,2,84421.64,24-03-2024,Wallet,2.8,March,2024,16884.328,14,Retail,South,84421.64,0,20.00%,42210.82,8442.164,3,Q1,Mar-24,11819.0296,72602.61,Mar-24
ORD00771,Sofa Cover,Home & Kitchen,7355.5,3,22066.5,27-01-2025,Net Banking,2,January,2025,4413.3,20,Online,South,22066.5,0,20.00%,7355.5,1471.1,1,Q1,Jan-25,4413.3,17653.2,Jan-25
ORD00772,Table Lamp,Home & Kitchen,13879,1,13879,12-06-2024,COD,2.5,June,2024,2775.8,12,Retail,North,13879,0,20.00%,13879,2775.8,6,Q2,Jun-24,1665.48,12213.52,Jun-24
ORD00773,Sofa Cover,Home & Kitchen,42604.95,5,213024.75,11-07-2024,Net Banking,3,July,2024,42604.95,10,Retail,East,213024.75,0,20.00%,42604.95,8520.99,7,Q3,Jul-24,21302.475,191722.28,Jul-24
ORD00774,Smartwatch,Electronics,31265.89,1,31265.89,20-06-2024,UPI,4.9,June,2024,6253.178,16,Online,South,31265.89,0,20.00%,31265.89,6253.178,6,Q2,Jun-24,5002.5424,26263.35,Jun-24
ORD00775,Dress,Clothing,20020.83,5,100104.15,01-09-2024,Credit Card,1.8,September,2024,20020.83,28,Online,West,100104.15,0,20.00%,20020.83,4004.166,9,Q3,Sep-24,28029.162,72074.99,Sep-24
ORD00776,Cookbook,Books,24680.19,3,74040.57,21-05-2024,COD,3.5,May,2024,14808.114,25,Wholesale,South,74040.57,0,20.00%,24680.19,4936.038,5,Q2,May-24,18510.1425,55530.43,May-24
ORD00777,Lipstick,Beauty,22254.17,4,89016.68,14-04-2024,Debit Card,3.8,April,2024,17803.336,12,Online,South,89016.68,0,20.00%,22254.17,4450.834,4,Q2,Apr-24,10682.0016,78334.68,Apr-24
ORD00778,Fiction Novel,Books,4226.03,1,4226.03,07-09-2024,Debit Card,2.8,September,2024,845.206,30,Wholesale,South,4226.03,0,20.00%,4226.03,845.206,9,Q3,Sep-24,1267.809,2958.22,Sep-24
ORD00779,Bedsheet,Home & Kitchen,46315.8,3,138947.4,24-05-2024,Wallet,2.4,May,2024,27789.48,8,Online,South,138947.4,0,20.00%,46315.8,9263.16,5,Q2,May-24,11115.792,127831.61,May-24
ORD00780,Smartwatch,Electronics,1320.32,3,3960.96,08-01-2025,Wallet,2,January,2025,792.192,30,Retail,East,3960.96,0,20.00%,1320.32,264.064,1,Q1,Jan-25,1188.288,2772.67,Jan-25
ORD00781,Cookbook,Books,9772.82,4,39091.28,04-11-2024,UPI,3.1,November,2024,7818.256,12,Wholesale,West,39091.28,0,20.00%,9772.82,1954.564,11,Q4,Nov-24,4690.9536,34400.33,Nov-24
ORD00782,Comic Book,Books,47666.18,1,47666.18,12-02-2024,UPI,2.3,February,2024,9533.236,30,Wholesale,East,47666.18,0,20.00%,47666.18,9533.236,2,Q1,Feb-24,14299.854,33366.33,Feb-24
ORD00783,Jeans,Clothing,7673.62,2,15347.24,13-06-2024,COD,4.6,June,2024,3069.448,22,Wholesale,West,15347.24,0,20.00%,7673.62,1534.724,6,Q2,Jun-24,3376.3928,11970.85,Jun-24
ORD00784,Sofa Cover,Home & Kitchen,41671.06,2,83342.12,01-02-2025,UPI,2.3,February,2025,16668.424,9,Retail,South,83342.12,0,20.00%,41671.06,8334.212,2,Q1,Feb-25,7500.7908,75841.33,Feb-25
ORD00785,Table Lamp,Home & Kitchen,15793.43,5,78967.15,22-09-2024,Net Banking,1.3,September,2024,15793.43,13,Retail,North,78967.15,0,20.00%,15793.43,3158.686,9,Q3,Sep-24,10265.7295,68701.42,Sep-24
ORD00786,Lipstick,Beauty,6767.81,1,6767.81,27-12-2024,COD,2.1,December,2024,1353.562,8,Retail,East,6767.81,0,20.00%,6767.81,1353.562,12,Q4,Dec-24,541.4248,6226.39,Dec-24
ORD00787,Lipstick,Beauty,1011.22,5,5056.1,05-11-2024,Net Banking,4.7,November,2024,1011.22,26,Retail,North,5056.1,0,20.00%,1011.22,202.244,11,Q4,Nov-24,1314.586,3741.51,Nov-24
ORD00788,Headphones,Electronics,13371.25,4,53485,05-07-2024,Credit Card,1.6,July,2024,10697,21,Retail,East,53485,0,20.00%,13371.25,2674.25,7,Q3,Jul-24,11231.85,42253.15,Jul-24
ORD00789,Jeans,Clothing,28972.11,2,57944.22,01-08-2024,Credit Card,2.1,August,2024,11588.844,13,Wholesale,South,57944.22,0,20.00%,28972.11,5794.422,8,Q3,Aug-24,7532.7486,50411.47,Aug-24
ORD00790,Perfume,Beauty,17212.34,1,17212.34,06-02-2025,COD,3.5,February,2025,3442.468,5,Retail,East,17212.34,0,20.00%,17212.34,3442.468,2,Q1,Feb-25,860.617,16351.72,Feb-25
ORD00791,Educational Book,Books,48742,1,48742,16-09-2024,UPI,1.1,September,2024,9748.4,25,Wholesale,South,48742,0,20.00%,48742,9748.4,9,Q3,Sep-24,12185.5,36556.5,Sep-24
ORD00792,Smartphone,Electronics,19117.36,3,57352.08,08-02-2025,COD,1.6,February,2025,11470.416,24,Retail,East,57352.08,0,20.00%,19117.36,3823.472,2,Q1,Feb-25,13764.4992,43587.58,Feb-25
ORD00793,Tablet,Electronics,847.39,5,4236.95,15-12-2024,Net Banking,4,December,2024,847.39,17,Online,South,4236.95,0,20.00%,847.39,169.478,12,Q4,Dec-24,720.2815,3516.67,Dec-24
ORD00794,Mixer Grinder,Home & Kitchen,14796.32,2,29592.64,29-11-2024,Wallet,1.2,November,2024,5918.528,20,Wholesale,South,29592.64,0,20.00%,14796.32,2959.264,11,Q4,Nov-24,5918.528,23674.11,Nov-24
ORD00795,Face Cream,Beauty,5238.33,3,15714.99,24-10-2024,Wallet,1.6,October,2024,3142.998,17,Online,West,15714.99,0,20.00%,5238.33,1047.666,10,Q4,Oct-24,2671.5483,13043.44,Oct-24
ORD00796,Mixer Grinder,Home & Kitchen,31430.94,5,157154.7,02-11-2024,Debit Card,4.6,November,2024,31430.94,18,Wholesale,South,157154.7,0,20.00%,31430.94,6286.188,11,Q4,Nov-24,28287.846,128866.85,Nov-24
ORD00797,Jeans,Clothing,27532.48,4,110129.92,09-04-2024,UPI,2.2,April,2024,22025.984,7,Online,West,110129.92,0,20.00%,27532.48,5506.496,4,Q2,Apr-24,7709.0944,102420.83,Apr-24
ORD00798,Jeans,Clothing,41121.95,3,123365.85,20-02-2024,COD,1.4,February,2024,24673.17,10,Retail,South,123365.85,0,20.00%,41121.95,8224.39,2,Q1,Feb-24,12336.585,111029.27,Feb-24
ORD00799,Laptop,Electronics,12944.89,2,25889.78,10-04-2024,COD,1.9,April,2024,5177.956,22,Retail,North,25889.78,0,20.00%,12944.89,2588.978,4,Q2,Apr-24,5695.7516,20194.03,Apr-24
ORD00800,T-Shirt,Clothing,4729.04,5,23645.2,09-09-2024,COD,4,September,2024,4729.04,23,Retail,South,23645.2,0,20.00%,4729.04,945.808,9,Q3,Sep-24,5438.396,18206.8,Sep-24
ORD00801,Lipstick,Beauty,31512.97,2,63025.94,18-12-2024,COD,2.1,December,2024,12605.188,9,Wholesale,North,63025.94,0,20.00%,31512.97,6302.594,12,Q4,Dec-24,5672.3346,57353.61,Dec-24
ORD00802,Smartwatch,Electronics,46891.65,3,140674.95,08-11-2024,Net Banking,2.9,November,2024,28134.99,19,Online,North,140674.95,0,20.00%,46891.65,9378.33,11,Q4,Nov-24,26728.2405,113946.71,Nov-24
ORD00803,Dress,Clothing,34137.79,2,68275.58,23-09-2024,Net Banking,1.8,September,2024,13655.116,29,Retail,South,68275.58,0,20.00%,34137.79,6827.558,9,Q3,Sep-24,19799.9182,48475.66,Sep-24
ORD00804,Table Lamp,Home & Kitchen,41000.91,4,164003.64,11-09-2024,UPI,4.5,September,2024,32800.728,6,Online,North,164003.64,0,20.00%,41000.91,8200.182,9,Q3,Sep-24,9840.2184,154163.42,Sep-24
ORD00805,Laptop,Electronics,7672.34,4,30689.36,10-04-2024,UPI,1.1,April,2024,6137.872,14,Online,West,30689.36,0,20.00%,7672.34,1534.468,4,Q2,Apr-24,4296.5104,26392.85,Apr-24
ORD00806,Educational Book,Books,25186.79,3,75560.37,22-02-2024,COD,3.8,February,2024,15112.074,28,Retail,East,75560.37,0,20.00%,25186.79,5037.358,2,Q1,Feb-24,21156.9036,54403.47,Feb-24
ORD00807,Shampoo,Beauty,41285.25,1,41285.25,05-12-2024,COD,1.8,December,2024,8257.05,22,Retail,South,41285.25,0,20.00%,41285.25,8257.05,12,Q4,Dec-24,9082.755,32202.5,Dec-24
ORD00808,Shampoo,Beauty,30435.75,2,60871.5,09-04-2024,Credit Card,3.1,April,2024,12174.3,17,Online,North,60871.5,0,20.00%,30435.75,6087.15,4,Q2,Apr-24,10348.155,50523.35,Apr-24
ORD00809,Laptop,Electronics,45786.56,5,228932.8,22-12-2024,Wallet,1.4,December,2024,45786.56,9,Retail,South,228932.8,0,20.00%,45786.56,9157.312,12,Q4,Dec-24,20603.952,208328.85,Dec-24
ORD00810,Fiction Novel,Books,26700.19,3,80100.57,26-03-2024,COD,1.5,March,2024,16020.114,27,Retail,West,80100.57,0,20.00%,26700.19,5340.038,3,Q1,Mar-24,21627.1539,58473.42,Mar-24
ORD00811,Sneakers,Clothing,27367.02,3,82101.06,03-07-2024,Wallet,1.4,July,2024,16420.212,28,Retail,South,82101.06,0,20.00%,27367.02,5473.404,7,Q3,Jul-24,22988.2968,59112.76,Jul-24
ORD00812,Tablet,Electronics,17213.3,3,51639.9,21-04-2024,Net Banking,1.7,April,2024,10327.98,5,Wholesale,South,51639.9,0,20.00%,17213.3,3442.66,4,Q2,Apr-24,2581.995,49057.91,Apr-24
ORD00813,Mixer Grinder,Home & Kitchen,4084.62,5,20423.1,26-02-2024,UPI,4.3,February,2024,4084.62,26,Online,North,20423.1,0,20.00%,4084.62,816.924,2,Q1,Feb-24,5310.006,15113.09,Feb-24
ORD00814,Table Lamp,Home & Kitchen,9213.55,4,36854.2,17-07-2024,COD,2.5,July,2024,7370.84,5,Online,West,36854.2,0,20.00%,9213.55,1842.71,7,Q3,Jul-24,1842.71,35011.49,Jul-24
ORD00815,T-Shirt,Clothing,6114.55,4,24458.2,27-08-2024,Debit Card,3.7,August,2024,4891.64,22,Wholesale,East,24458.2,0,20.00%,6114.55,1222.91,8,Q3,Aug-24,5380.804,19077.4,Aug-24
ORD00816,Comic Book,Books,21670.52,4,86682.08,09-04-2024,COD,4.6,April,2024,17336.416,19,Online,East,86682.08,0,20.00%,21670.52,4334.104,4,Q2,Apr-24,16469.5952,70212.48,Apr-24
ORD00817,Face Cream,Beauty,37528.53,4,150114.12,21-01-2025,UPI,1.6,January,2025,30022.824,21,Retail,North,150114.12,0,20.00%,37528.53,7505.706,1,Q1,Jan-25,31523.9652,118590.15,Jan-25
ORD00818,Smartphone,Electronics,46526.93,5,232634.65,20-12-2024,Net Banking,2.2,December,2024,46526.93,15,Online,South,232634.65,0,20.00%,46526.93,9305.386,12,Q4,Dec-24,34895.1975,197739.45,Dec-24
ORD00819,Self-Help Book,Books,4042.56,2,8085.12,14-03-2024,Debit Card,3.7,March,2024,1617.024,25,Retail,North,8085.12,0,20.00%,4042.56,808.512,3,Q1,Mar-24,2021.28,6063.84,Mar-24
ORD00820,Cookware Set,Home & Kitchen,35777.51,1,35777.51,23-12-2024,Net Banking,3.2,December,2024,7155.502,30,Wholesale,North,35777.51,0,20.00%,35777.51,7155.502,12,Q4,Dec-24,10733.253,25044.26,Dec-24
ORD00821,Bedsheet,Home & Kitchen,4160.52,2,8321.04,06-12-2024,Net Banking,3.8,December,2024,1664.208,29,Retail,North,8321.04,0,20.00%,4160.52,832.104,12,Q4,Dec-24,2413.1016,5907.94,Dec-24
ORD00822,Laptop,Electronics,20754.92,3,62264.76,10-08-2024,Debit Card,1.9,August,2024,12452.952,26,Online,South,62264.76,0,20.00%,20754.92,4150.984,8,Q3,Aug-24,16188.8376,46075.92,Aug-24
ORD00823,Comic Book,Books,34460.43,2,68920.86,06-03-2024,COD,4.6,March,2024,13784.172,21,Online,West,68920.86,0,20.00%,34460.43,6892.086,3,Q1,Mar-24,14473.3806,54447.48,Mar-24
ORD00824,Table Lamp,Home & Kitchen,22835.78,5,114178.9,22-02-2024,Wallet,4.1,February,2024,22835.78,17,Online,North,114178.9,0,20.00%,22835.78,4567.156,2,Q1,Feb-24,19410.413,94768.49,Feb-24
ORD00825,Shampoo,Beauty,5361.18,2,10722.36,16-10-2024,Net Banking,3,October,2024,2144.472,5,Wholesale,South,10722.36,0,20.00%,5361.18,1072.236,10,Q4,Oct-24,536.118,10186.24,Oct-24
ORD00826,Jacket,Clothing,41996.61,2,83993.22,20-11-2024,COD,2.1,November,2024,16798.644,6,Wholesale,West,83993.22,0,20.00%,41996.61,8399.322,11,Q4,Nov-24,5039.5932,78953.63,Nov-24
ORD00827,Perfume,Beauty,43606.83,4,174427.32,11-04-2024,Debit Card,3.6,April,2024,34885.464,13,Online,North,174427.32,0,20.00%,43606.83,8721.366,4,Q2,Apr-24,22675.5516,151751.77,Apr-24
ORD00828,Smartwatch,Electronics,14290.07,5,71450.35,12-12-2024,Debit Card,2.3,December,2024,14290.07,7,Retail,East,71450.35,0,20.00%,14290.07,2858.014,12,Q4,Dec-24,5001.5245,66448.83,Dec-24
ORD00829,Laptop,Electronics,32760.67,3,98282.01,26-06-2024,Net Banking,1,June,2024,19656.402,5,Wholesale,West,98282.01,0,20.00%,32760.67,6552.134,6,Q2,Jun-24,4914.1005,93367.91,Jun-24
ORD00830,Comic Book,Books,26403.73,1,26403.73,08-11-2024,Debit Card,3.3,November,2024,5280.746,25,Online,North,26403.73,0,20.00%,26403.73,5280.746,11,Q4,Nov-24,6600.9325,19802.8,Nov-24
ORD00831,Hair Dryer,Beauty,34069.64,1,34069.64,14-11-2024,Wallet,3,November,2024,6813.928,20,Online,West,34069.64,0,20.00%,34069.64,6813.928,11,Q4,Nov-24,6813.928,27255.71,Nov-24
ORD00832,Table Lamp,Home & Kitchen,47284.54,5,236422.7,01-03-2024,Net Banking,2.4,March,2024,47284.54,27,Wholesale,West,236422.7,0,20.00%,47284.54,9456.908,3,Q1,Mar-24,63834.129,172588.57,Mar-24
ORD00833,Smartwatch,Electronics,28678.88,4,114715.52,17-10-2024,Net Banking,3.7,October,2024,22943.104,10,Wholesale,West,114715.52,0,20.00%,28678.88,5735.776,10,Q4,Oct-24,11471.552,103243.97,Oct-24
ORD00834,Face Cream,Beauty,44918.35,5,224591.75,23-07-2024,Wallet,4.4,July,2024,44918.35,21,Wholesale,West,224591.75,0,20.00%,44918.35,8983.67,7,Q3,Jul-24,47164.2675,177427.48,Jul-24
ORD00835,Hair Dryer,Beauty,31727.37,1,31727.37,11-11-2024,Debit Card,1.7,November,2024,6345.474,9,Retail,West,31727.37,0,20.00%,31727.37,6345.474,11,Q4,Nov-24,2855.4633,28871.91,Nov-24
ORD00836,Bedsheet,Home & Kitchen,10766.58,3,32299.74,05-04-2024,Credit Card,4.2,April,2024,6459.948,9,Retail,West,32299.74,0,20.00%,10766.58,2153.316,4,Q2,Apr-24,2906.9766,29392.76,Apr-24
ORD00837,Lipstick,Beauty,25288.2,4,101152.8,15-08-2024,Debit Card,4.8,August,2024,20230.56,10,Online,North,101152.8,0,20.00%,25288.2,5057.64,8,Q3,Aug-24,10115.28,91037.52,Aug-24
ORD00838,Laptop,Electronics,35506.5,5,177532.5,26-05-2024,UPI,4.5,May,2024,35506.5,7,Wholesale,East,177532.5,0,20.00%,35506.5,7101.3,5,Q2,May-24,12427.275,165105.23,May-24
ORD00839,Fiction Novel,Books,7682.98,4,30731.92,15-08-2024,COD,4.8,August,2024,6146.384,25,Retail,South,30731.92,0,20.00%,7682.98,1536.596,8,Q3,Aug-24,7682.98,23048.94,Aug-24
ORD00840,Smartphone,Electronics,32664.01,2,65328.02,22-03-2024,Net Banking,2.5,March,2024,13065.604,27,Wholesale,West,65328.02,0,20.00%,32664.01,6532.802,3,Q1,Mar-24,17638.5654,47689.45,Mar-24
ORD00841,Table Lamp,Home & Kitchen,14359.56,3,43078.68,09-07-2024,Debit Card,2.3,July,2024,8615.736,9,Online,South,43078.68,0,20.00%,14359.56,2871.912,7,Q3,Jul-24,3877.0812,39201.6,Jul-24
ORD00842,Sneakers,Clothing,3632.93,5,18164.65,24-08-2024,Credit Card,2.1,August,2024,3632.93,25,Retail,North,18164.65,0,20.00%,3632.93,726.586,8,Q3,Aug-24,4541.1625,13623.49,Aug-24
ORD00843,Mixer Grinder,Home & Kitchen,30519.71,1,30519.71,13-02-2024,Net Banking,3.2,February,2024,6103.942,9,Retail,West,30519.71,0,20.00%,30519.71,6103.942,2,Q1,Feb-24,2746.7739,27772.94,Feb-24
ORD00844,Sofa Cover,Home & Kitchen,999.54,3,2998.62,03-01-2025,Debit Card,3.2,January,2025,599.724,14,Retail,East,2998.62,0,20.00%,999.54,199.908,1,Q1,Jan-25,419.8068,2578.81,Jan-25
ORD00845,Mixer Grinder,Home & Kitchen,15481.49,3,46444.47,20-05-2024,Wallet,2.1,May,2024,9288.894,14,Online,South,46444.47,0,20.00%,15481.49,3096.298,5,Q2,May-24,6502.2258,39942.24,May-24
ORD00846,Table Lamp,Home & Kitchen,33814.72,2,67629.44,09-10-2024,Net Banking,1.3,October,2024,13525.888,23,Wholesale,West,67629.44,0,20.00%,33814.72,6762.944,10,Q4,Oct-24,15554.7712,52074.67,Oct-24
ORD00847,Table Lamp,Home & Kitchen,13559.39,3,40678.17,15-09-2024,Net Banking,3.6,September,2024,8135.634,21,Retail,North,40678.17,0,20.00%,13559.39,2711.878,9,Q3,Sep-24,8542.4157,32135.75,Sep-24
ORD00848,T-Shirt,Clothing,18461.51,3,55384.53,14-09-2024,COD,4.4,September,2024,11076.906,25,Online,East,55384.53,0,20.00%,18461.51,3692.302,9,Q3,Sep-24,13846.1325,41538.4,Sep-24
ORD00849,Smartphone,Electronics,22868.39,4,91473.56,03-06-2024,Debit Card,1.3,June,2024,18294.712,18,Wholesale,South,91473.56,0,20.00%,22868.39,4573.678,6,Q2,Jun-24,16465.2408,75008.32,Jun-24
ORD00850,Sofa Cover,Home & Kitchen,17795.7,2,35591.4,15-06-2024,COD,4.2,June,2024,7118.28,13,Online,South,35591.4,0,20.00%,17795.7,3559.14,6,Q2,Jun-24,4626.882,30964.52,Jun-24
ORD00851,Perfume,Beauty,20095.19,4,80380.76,13-01-2025,Credit Card,2.7,January,2025,16076.152,18,Wholesale,West,80380.76,0,20.00%,20095.19,4019.038,1,Q1,Jan-25,14468.5368,65912.22,Jan-25
ORD00852,Cookware Set,Home & Kitchen,13998.81,2,27997.62,13-07-2024,Net Banking,2.7,July,2024,5599.524,5,Online,East,27997.62,0,20.00%,13998.81,2799.762,7,Q3,Jul-24,1399.881,26597.74,Jul-24
ORD00853,Mixer Grinder,Home & Kitchen,787.27,3,2361.81,06-04-2024,UPI,2.1,April,2024,472.362,23,Wholesale,East,2361.81,0,20.00%,787.27,157.454,4,Q2,Apr-24,543.2163,1818.59,Apr-24
ORD00854,Laptop,Electronics,47363.2,3,142089.6,12-11-2024,Credit Card,3.3,November,2024,28417.92,17,Retail,East,142089.6,0,20.00%,47363.2,9472.64,11,Q4,Nov-24,24155.232,117934.37,Nov-24
ORD00855,Sneakers,Clothing,9655.03,4,38620.12,16-11-2024,Credit Card,1.5,November,2024,7724.024,17,Wholesale,East,38620.12,0,20.00%,9655.03,1931.006,11,Q4,Nov-24,6565.4204,32054.7,Nov-24
ORD00856,Cookware Set,Home & Kitchen,24151.49,1,24151.49,02-10-2024,UPI,4.8,October,2024,4830.298,8,Online,North,24151.49,0,20.00%,24151.49,4830.298,10,Q4,Oct-24,1932.1192,22219.37,Oct-24
ORD00857,Comic Book,Books,3697.32,4,14789.28,27-02-2024,UPI,1.3,February,2024,2957.856,5,Online,East,14789.28,0,20.00%,3697.32,739.464,2,Q1,Feb-24,739.464,14049.82,Feb-24
ORD00858,Educational Book,Books,43840.04,5,219200.2,12-12-2024,Credit Card,3,December,2024,43840.04,21,Wholesale,South,219200.2,0,20.00%,43840.04,8768.008,12,Q4,Dec-24,46032.042,173168.16,Dec-24
ORD00859,Sofa Cover,Home & Kitchen,6494.62,5,32473.1,04-09-2024,UPI,2.6,September,2024,6494.62,12,Retail,South,32473.1,0,20.00%,6494.62,1298.924,9,Q3,Sep-24,3896.772,28576.33,Sep-24
ORD00860,Educational Book,Books,7761.67,1,7761.67,03-02-2025,UPI,4.8,February,2025,1552.334,6,Retail,North,7761.67,0,20.00%,7761.67,1552.334,2,Q1,Feb-25,465.7002,7295.97,Feb-25
ORD00861,Hair Dryer,Beauty,43300.52,4,173202.08,23-10-2024,COD,1.1,October,2024,34640.416,12,Wholesale,South,173202.08,0,20.00%,43300.52,8660.104,10,Q4,Oct-24,20784.2496,152417.83,Oct-24
ORD00862,Sofa Cover,Home & Kitchen,36583.04,4,146332.16,18-04-2024,COD,2,April,2024,29266.432,11,Wholesale,South,146332.16,0,20.00%,36583.04,7316.608,4,Q2,Apr-24,16096.5376,130235.62,Apr-24
ORD00863,Smartwatch,Electronics,43298.08,3,129894.24,28-07-2024,UPI,1.6,July,2024,25978.848,30,Online,East,129894.24,0,20.00%,43298.08,8659.616,7,Q3,Jul-24,38968.272,90925.97,Jul-24
ORD00864,Self-Help Book,Books,47427.3,5,237136.5,29-03-2024,Wallet,4,March,2024,47427.3,30,Retail,South,237136.5,0,20.00%,47427.3,9485.46,3,Q1,Mar-24,71140.95,165995.55,Mar-24
ORD00865,Smartphone,Electronics,32950.95,5,164754.75,26-07-2024,Net Banking,2.2,July,2024,32950.95,6,Wholesale,North,164754.75,0,20.00%,32950.95,6590.19,7,Q3,Jul-24,9885.285,154869.47,Jul-24
ORD00866,Face Cream,Beauty,14064.35,2,28128.7,19-04-2024,Net Banking,2.9,April,2024,5625.74,26,Retail,East,28128.7,0,20.00%,14064.35,2812.87,4,Q2,Apr-24,7313.462,20815.24,Apr-24
ORD00867,Lipstick,Beauty,49911.75,3,149735.25,18-05-2024,Wallet,3.1,May,2024,29947.05,26,Wholesale,West,149735.25,0,20.00%,49911.75,9982.35,5,Q2,May-24,38931.165,110804.09,May-24
ORD00868,Headphones,Electronics,40986.82,3,122960.46,22-01-2025,COD,3.5,January,2025,24592.092,7,Wholesale,East,122960.46,0,20.00%,40986.82,8197.364,1,Q1,Jan-25,8607.2322,114353.23,Jan-25
ORD00869,Sofa Cover,Home & Kitchen,32863.88,4,131455.52,15-03-2024,Wallet,4.9,March,2024,26291.104,22,Retail,North,131455.52,0,20.00%,32863.88,6572.776,3,Q1,Mar-24,28920.2144,102535.31,Mar-24
ORD00870,Perfume,Beauty,37424.59,4,149698.36,01-08-2024,Net Banking,1.2,August,2024,29939.672,16,Wholesale,East,149698.36,0,20.00%,37424.59,7484.918,8,Q3,Aug-24,23951.7376,125746.62,Aug-24
ORD00871,Table Lamp,Home & Kitchen,36930.76,2,73861.52,15-05-2024,Debit Card,1.9,May,2024,14772.304,5,Wholesale,East,73861.52,0,20.00%,36930.76,7386.152,5,Q2,May-24,3693.076,70168.44,May-24
ORD00872,Cookbook,Books,40379.73,1,40379.73,02-11-2024,COD,3.8,November,2024,8075.946,26,Online,North,40379.73,0,20.00%,40379.73,8075.946,11,Q4,Nov-24,10498.7298,29881,Nov-24
ORD00873,T-Shirt,Clothing,16938.75,5,84693.75,29-02-2024,Debit Card,3.2,February,2024,16938.75,16,Wholesale,East,84693.75,0,20.00%,16938.75,3387.75,2,Q1,Feb-24,13551,71142.75,Feb-24
ORD00874,Dress,Clothing,2415.32,5,12076.6,24-09-2024,COD,3.2,September,2024,2415.32,9,Wholesale,North,12076.6,0,20.00%,2415.32,483.064,9,Q3,Sep-24,1086.894,10989.71,Sep-24
ORD00875,Hair Dryer,Beauty,49127.14,3,147381.42,31-08-2024,UPI,1,August,2024,29476.284,29,Wholesale,North,147381.42,0,20.00%,49127.14,9825.428,8,Q3,Aug-24,42740.6118,104640.81,Aug-24
ORD00876,Jacket,Clothing,1416.84,3,4250.52,07-06-2024,Net Banking,1.8,June,2024,850.104,21,Online,West,4250.52,0,20.00%,1416.84,283.368,6,Q2,Jun-24,892.6092,3357.91,Jun-24
ORD00877,Hair Dryer,Beauty,21112.13,3,63336.39,22-08-2024,UPI,1.9,August,2024,12667.278,20,Retail,South,63336.39,0,20.00%,21112.13,4222.426,8,Q3,Aug-24,12667.278,50669.11,Aug-24
ORD00878,Lipstick,Beauty,13061.91,5,65309.55,24-10-2024,Debit Card,1.9,October,2024,13061.91,19,Online,South,65309.55,0,20.00%,13061.91,2612.382,10,Q4,Oct-24,12408.8145,52900.74,Oct-24
ORD00879,Self-Help Book,Books,7465.89,5,37329.45,28-03-2024,Debit Card,4.4,March,2024,7465.89,27,Online,East,37329.45,0,20.00%,7465.89,1493.178,3,Q1,Mar-24,10078.9515,27250.5,Mar-24
ORD00880,Fiction Novel,Books,38005.05,1,38005.05,01-01-2025,UPI,4,January,2025,7601.01,19,Retail,East,38005.05,0,20.00%,38005.05,7601.01,1,Q1,Jan-25,7220.9595,30784.09,Jan-25
ORD00881,T-Shirt,Clothing,42307.18,5,211535.9,21-08-2024,COD,4.1,August,2024,42307.18,9,Online,West,211535.9,0,20.00%,42307.18,8461.436,8,Q3,Aug-24,19038.231,192497.67,Aug-24
ORD00882,Mixer Grinder,Home & Kitchen,28727.4,3,86182.2,22-05-2024,COD,4.7,May,2024,17236.44,25,Retail,West,86182.2,0,20.00%,28727.4,5745.48,5,Q2,May-24,21545.55,64636.65,May-24
ORD00883,Hair Dryer,Beauty,8465.28,3,25395.84,12-12-2024,Credit Card,1.8,December,2024,5079.168,18,Online,West,25395.84,0,20.00%,8465.28,1693.056,12,Q4,Dec-24,4571.2512,20824.59,Dec-24
ORD00884,Cookbook,Books,17194.75,3,51584.25,15-05-2024,Wallet,1.9,May,2024,10316.85,6,Retail,North,51584.25,0,20.00%,17194.75,3438.95,5,Q2,May-24,3095.055,48489.2,May-24
ORD00885,Sneakers,Clothing,26550.66,4,106202.64,09-03-2024,COD,3.3,March,2024,21240.528,15,Wholesale,West,106202.64,0,20.00%,26550.66,5310.132,3,Q1,Mar-24,15930.396,90272.24,Mar-24
ORD00886,Educational Book,Books,24335.78,4,97343.12,09-04-2024,UPI,3.1,April,2024,19468.624,23,Online,West,97343.12,0,20.00%,24335.78,4867.156,4,Q2,Apr-24,22388.9176,74954.2,Apr-24
ORD00887,Sofa Cover,Home & Kitchen,17308.52,1,17308.52,29-10-2024,Net Banking,2.2,October,2024,3461.704,11,Online,East,17308.52,0,20.00%,17308.52,3461.704,10,Q4,Oct-24,1903.9372,15404.58,Oct-24
ORD00888,Laptop,Electronics,18097.79,1,18097.79,22-05-2024,Net Banking,3.8,May,2024,3619.558,10,Online,West,18097.79,0,20.00%,18097.79,3619.558,5,Q2,May-24,1809.779,16288.01,May-24
ORD00889,Cookbook,Books,45792.57,2,91585.14,10-06-2024,Credit Card,3.1,June,2024,18317.028,6,Online,North,91585.14,0,20.00%,45792.57,9158.514,6,Q2,Jun-24,5495.1084,86090.03,Jun-24
ORD00890,Hair Dryer,Beauty,35879.79,4,143519.16,02-03-2024,UPI,4.4,March,2024,28703.832,10,Wholesale,North,143519.16,0,20.00%,35879.79,7175.958,3,Q1,Mar-24,14351.916,129167.24,Mar-24
ORD00891,Cookware Set,Home & Kitchen,16158.74,3,48476.22,24-08-2024,COD,4.2,August,2024,9695.244,22,Online,East,48476.22,0,20.00%,16158.74,3231.748,8,Q3,Aug-24,10664.7684,37811.45,Aug-24
ORD00892,Jeans,Clothing,15387.4,1,15387.4,03-03-2024,UPI,4.2,March,2024,3077.48,6,Wholesale,West,15387.4,0,20.00%,15387.4,3077.48,3,Q1,Mar-24,923.244,14464.16,Mar-24
ORD00893,Fiction Novel,Books,11134.83,5,55674.15,09-10-2024,Net Banking,3.2,October,2024,11134.83,22,Wholesale,West,55674.15,0,20.00%,11134.83,2226.966,10,Q4,Oct-24,12248.313,43425.84,Oct-24
ORD00894,Face Cream,Beauty,49835.85,3,149507.55,02-09-2024,Credit Card,4.5,September,2024,29901.51,19,Wholesale,North,149507.55,0,20.00%,49835.85,9967.17,9,Q3,Sep-24,28406.4345,121101.12,Sep-24
ORD00895,Tablet,Electronics,1002.29,1,1002.29,08-01-2025,UPI,1.4,January,2025,200.458,23,Wholesale,West,1002.29,0,20.00%,1002.29,200.458,1,Q1,Jan-25,230.5267,771.76,Jan-25
ORD00896,Headphones,Electronics,26448.24,4,105792.96,20-07-2024,Net Banking,1.2,July,2024,21158.592,6,Retail,West,105792.96,0,20.00%,26448.24,5289.648,7,Q3,Jul-24,6347.5776,99445.38,Jul-24
ORD00897,Lipstick,Beauty,30650.46,5,153252.3,12-09-2024,Net Banking,1.6,September,2024,30650.46,24,Retail,West,153252.3,0,20.00%,30650.46,6130.092,9,Q3,Sep-24,36780.552,116471.75,Sep-24
ORD00898,Mixer Grinder,Home & Kitchen,31978.03,2,63956.06,19-05-2024,Credit Card,3.7,May,2024,12791.212,29,Online,South,63956.06,0,20.00%,31978.03,6395.606,5,Q2,May-24,18547.2574,45408.8,May-24
ORD00899,Dress,Clothing,45516.21,1,45516.21,19-07-2024,UPI,1,July,2024,9103.242,10,Retail,East,45516.21,0,20.00%,45516.21,9103.242,7,Q3,Jul-24,4551.621,40964.59,Jul-24
ORD00900,Comic Book,Books,31922.03,1,31922.03,21-05-2024,Net Banking,2.5,May,2024,6384.406,5,Retail,South,31922.03,0,20.00%,31922.03,6384.406,5,Q2,May-24,1596.1015,30325.93,May-24
ORD00901,Lipstick,Beauty,3481.52,3,10444.56,04-08-2024,Net Banking,1.1,August,2024,2088.912,28,Online,East,10444.56,0,20.00%,3481.52,696.304,8,Q3,Aug-24,2924.4768,7520.08,Aug-24
ORD00902,Table Lamp,Home & Kitchen,27507.36,4,110029.44,14-09-2024,Credit Card,4.5,September,2024,22005.888,19,Online,North,110029.44,0,20.00%,27507.36,5501.472,9,Q3,Sep-24,20905.5936,89123.85,Sep-24
ORD00903,Table Lamp,Home & Kitchen,34870.12,5,174350.6,23-01-2025,Debit Card,2.7,January,2025,34870.12,27,Online,West,174350.6,0,20.00%,34870.12,6974.024,1,Q1,Jan-25,47074.662,127275.94,Jan-25
ORD00904,Table Lamp,Home & Kitchen,11540.73,1,11540.73,08-08-2024,Wallet,3.6,August,2024,2308.146,14,Retail,East,11540.73,0,20.00%,11540.73,2308.146,8,Q3,Aug-24,1615.7022,9925.03,Aug-24
ORD00905,Laptop,Electronics,2926.8,4,11707.2,19-02-2024,Credit Card,2.3,February,2024,2341.44,23,Retail,South,11707.2,0,20.00%,2926.8,585.36,2,Q1,Feb-24,2692.656,9014.54,Feb-24
ORD00906,Educational Book,Books,37341.95,2,74683.9,02-10-2024,Debit Card,4.8,October,2024,14936.78,21,Online,West,74683.9,0,20.00%,37341.95,7468.39,10,Q4,Oct-24,15683.619,59000.28,Oct-24
ORD00907,Table Lamp,Home & Kitchen,30100.73,1,30100.73,01-03-2024,UPI,1.7,March,2024,6020.146,9,Wholesale,North,30100.73,0,20.00%,30100.73,6020.146,3,Q1,Mar-24,2709.0657,27391.66,Mar-24
ORD00908,Jeans,Clothing,4442.1,3,13326.3,29-03-2024,Debit Card,2.8,March,2024,2665.26,8,Online,East,13326.3,0,20.00%,4442.1,888.42,3,Q1,Mar-24,1066.104,12260.2,Mar-24
ORD00909,Bedsheet,Home & Kitchen,18657.99,5,93289.95,02-01-2025,Net Banking,1.7,January,2025,18657.99,14,Wholesale,East,93289.95,0,20.00%,18657.99,3731.598,1,Q1,Jan-25,13060.593,80229.36,Jan-25
ORD00910,Shampoo,Beauty,41402.76,1,41402.76,10-07-2024,Credit Card,3.2,July,2024,8280.552,28,Wholesale,East,41402.76,0,20.00%,41402.76,8280.552,7,Q3,Jul-24,11592.7728,29809.99,Jul-24
ORD00911,Educational Book,Books,49796.61,1,49796.61,25-10-2024,COD,4.1,October,2024,9959.322,21,Online,West,49796.61,0,20.00%,49796.61,9959.322,10,Q4,Oct-24,10457.2881,39339.32,Oct-24
ORD00912,Perfume,Beauty,32712.91,2,65425.82,03-05-2024,Net Banking,4.2,May,2024,13085.164,14,Online,South,65425.82,0,20.00%,32712.91,6542.582,5,Q2,May-24,9159.6148,56266.21,May-24
ORD00913,Face Cream,Beauty,26281.98,1,26281.98,24-06-2024,Debit Card,4.3,June,2024,5256.396,21,Online,South,26281.98,0,20.00%,26281.98,5256.396,6,Q2,Jun-24,5519.2158,20762.76,Jun-24
ORD00914,Table Lamp,Home & Kitchen,30805.88,5,154029.4,15-06-2024,Credit Card,1.1,June,2024,30805.88,24,Retail,East,154029.4,0,20.00%,30805.88,6161.176,6,Q2,Jun-24,36967.056,117062.34,Jun-24
ORD00915,Dress,Clothing,9045.23,5,45226.15,04-07-2024,COD,4.6,July,2024,9045.23,28,Wholesale,North,45226.15,0,20.00%,9045.23,1809.046,7,Q3,Jul-24,12663.322,32562.83,Jul-24
ORD00916,Headphones,Electronics,16003.38,2,32006.76,13-09-2024,UPI,4.1,September,2024,6401.352,9,Retail,North,32006.76,0,20.00%,16003.38,3200.676,9,Q3,Sep-24,2880.6084,29126.15,Sep-24
ORD00917,Jeans,Clothing,35139.53,1,35139.53,19-05-2024,Wallet,2.9,May,2024,7027.906,6,Retail,South,35139.53,0,20.00%,35139.53,7027.906,5,Q2,May-24,2108.3718,33031.16,May-24
ORD00918,Fiction Novel,Books,13640.1,4,54560.4,10-04-2024,Wallet,3.3,April,2024,10912.08,10,Online,North,54560.4,0,20.00%,13640.1,2728.02,4,Q2,Apr-24,5456.04,49104.36,Apr-24
ORD00919,Cookware Set,Home & Kitchen,5535.76,2,11071.52,04-02-2025,UPI,3.6,February,2025,2214.304,25,Retail,South,11071.52,0,20.00%,5535.76,1107.152,2,Q1,Feb-25,2767.88,8303.64,Feb-25
ORD00920,Mixer Grinder,Home & Kitchen,1039.11,4,4156.44,17-10-2024,Credit Card,3.8,October,2024,831.288,6,Online,East,4156.44,0,20.00%,1039.11,207.822,10,Q4,Oct-24,249.3864,3907.05,Oct-24
ORD00921,Table Lamp,Home & Kitchen,41169.65,5,205848.25,15-12-2024,Credit Card,2.7,December,2024,41169.65,17,Wholesale,South,205848.25,0,20.00%,41169.65,8233.93,12,Q4,Dec-24,34994.2025,170854.05,Dec-24
ORD00922,Laptop,Electronics,21472.14,2,42944.28,08-09-2024,Debit Card,3.4,September,2024,8588.856,15,Online,South,42944.28,0,20.00%,21472.14,4294.428,9,Q3,Sep-24,6441.642,36502.64,Sep-24
ORD00923,Comic Book,Books,7936.7,5,39683.5,10-12-2024,Debit Card,3.1,December,2024,7936.7,15,Retail,East,39683.5,0,20.00%,7936.7,1587.34,12,Q4,Dec-24,5952.525,33730.98,Dec-24
ORD00924,Jacket,Clothing,23939.92,3,71819.76,10-12-2024,Net Banking,2.1,December,2024,14363.952,20,Retail,North,71819.76,0,20.00%,23939.92,4787.984,12,Q4,Dec-24,14363.952,57455.81,Dec-24
ORD00925,Jeans,Clothing,47480.71,5,237403.55,09-09-2024,UPI,3.1,September,2024,47480.71,15,Online,South,237403.55,0,20.00%,47480.71,9496.142,9,Q3,Sep-24,35610.5325,201793.02,Sep-24
ORD00926,Sofa Cover,Home & Kitchen,8058.4,3,24175.2,28-11-2024,Net Banking,2.9,November,2024,4835.04,23,Online,South,24175.2,0,20.00%,8058.4,1611.68,11,Q4,Nov-24,5560.296,18614.9,Nov-24
ORD00927,Shampoo,Beauty,32369.52,2,64739.04,27-01-2025,Debit Card,2.7,January,2025,12947.808,19,Retail,East,64739.04,0,20.00%,32369.52,6473.904,1,Q1,Jan-25,12300.4176,52438.62,Jan-25
ORD00928,Jeans,Clothing,29604.77,4,118419.08,06-05-2024,Wallet,3.7,May,2024,23683.816,29,Wholesale,North,118419.08,0,20.00%,29604.77,5920.954,5,Q2,May-24,34341.5332,84077.55,May-24
ORD00929,Jacket,Clothing,19927.72,2,39855.44,07-06-2024,Credit Card,3.7,June,2024,7971.088,27,Wholesale,South,39855.44,0,20.00%,19927.72,3985.544,6,Q2,Jun-24,10760.9688,29094.47,Jun-24
ORD00930,Comic Book,Books,42170.48,1,42170.48,29-10-2024,UPI,4.4,October,2024,8434.096,27,Online,East,42170.48,0,20.00%,42170.48,8434.096,10,Q4,Oct-24,11386.0296,30784.45,Oct-24
ORD00931,Dress,Clothing,15950.41,5,79752.05,06-12-2024,COD,1.5,December,2024,15950.41,20,Wholesale,South,79752.05,0,20.00%,15950.41,3190.082,12,Q4,Dec-24,15950.41,63801.64,Dec-24
ORD00932,Fiction Novel,Books,791.45,4,3165.8,21-03-2024,Credit Card,1.2,March,2024,633.16,15,Retail,West,3165.8,0,20.00%,791.45,158.29,3,Q1,Mar-24,474.87,2690.93,Mar-24
ORD00933,Jeans,Clothing,28534.99,3,85604.97,15-08-2024,Net Banking,1.8,August,2024,17120.994,26,Online,East,85604.97,0,20.00%,28534.99,5706.998,8,Q3,Aug-24,22257.2922,63347.68,Aug-24
ORD00934,Mixer Grinder,Home & Kitchen,13371.43,4,53485.72,06-06-2024,Net Banking,1.2,June,2024,10697.144,20,Retail,North,53485.72,0,20.00%,13371.43,2674.286,6,Q2,Jun-24,10697.144,42788.58,Jun-24
ORD00935,Laptop,Electronics,48073.8,4,192295.2,03-10-2024,Credit Card,4.1,October,2024,38459.04,12,Retail,North,192295.2,0,20.00%,48073.8,9614.76,10,Q4,Oct-24,23075.424,169219.78,Oct-24
ORD00936,Fiction Novel,Books,15240.16,5,76200.8,14-06-2024,Net Banking,3.6,June,2024,15240.16,8,Wholesale,North,76200.8,0,20.00%,15240.16,3048.032,6,Q2,Jun-24,6096.064,70104.74,Jun-24
ORD00937,Comic Book,Books,11216.38,5,56081.9,11-03-2024,COD,2.8,March,2024,11216.38,12,Online,North,56081.9,0,20.00%,11216.38,2243.276,3,Q1,Mar-24,6729.828,49352.07,Mar-24
ORD00938,Fiction Novel,Books,540.63,3,1621.89,12-04-2024,COD,3.5,April,2024,324.378,8,Online,South,1621.89,0,20.00%,540.63,108.126,4,Q2,Apr-24,129.7512,1492.14,Apr-24
ORD00939,Smartwatch,Electronics,19845.72,3,59537.16,08-05-2024,COD,4,May,2024,11907.432,28,Wholesale,South,59537.16,0,20.00%,19845.72,3969.144,5,Q2,May-24,16670.4048,42866.76,May-24
ORD00940,Jacket,Clothing,31486.57,1,31486.57,16-08-2024,Wallet,3,August,2024,6297.314,29,Retail,North,31486.57,0,20.00%,31486.57,6297.314,8,Q3,Aug-24,9131.1053,22355.46,Aug-24
ORD00941,Smartwatch,Electronics,47899.72,2,95799.44,10-07-2024,COD,4,July,2024,19159.888,7,Retail,North,95799.44,0,20.00%,47899.72,9579.944,7,Q3,Jul-24,6705.9608,89093.48,Jul-24
ORD00942,Educational Book,Books,39842.15,5,199210.75,17-01-2025,Debit Card,4.8,January,2025,39842.15,7,Retail,North,199210.75,0,20.00%,39842.15,7968.43,1,Q1,Jan-25,13944.7525,185266,Jan-25
ORD00943,Sneakers,Clothing,46101.14,2,92202.28,01-03-2024,Net Banking,4,March,2024,18440.456,22,Retail,South,92202.28,0,20.00%,46101.14,9220.228,3,Q1,Mar-24,20284.5016,71917.78,Mar-24
ORD00944,Fiction Novel,Books,46563.35,5,232816.75,08-05-2024,Debit Card,1.2,May,2024,46563.35,30,Online,North,232816.75,0,20.00%,46563.35,9312.67,5,Q2,May-24,69845.025,162971.73,May-24
ORD00945,Tablet,Electronics,35922.64,4,143690.56,17-02-2024,UPI,3.1,February,2024,28738.112,23,Online,North,143690.56,0,20.00%,35922.64,7184.528,2,Q1,Feb-24,33048.8288,110641.73,Feb-24
ORD00946,Laptop,Electronics,33745.33,1,33745.33,13-01-2025,COD,2.7,January,2025,6749.066,23,Wholesale,West,33745.33,0,20.00%,33745.33,6749.066,1,Q1,Jan-25,7761.4259,25983.9,Jan-25
ORD00947,Dress,Clothing,22870.53,5,114352.65,20-06-2024,COD,1.4,June,2024,22870.53,25,Wholesale,West,114352.65,0,20.00%,22870.53,4574.106,6,Q2,Jun-24,28588.1625,85764.49,Jun-24
ORD00948,Sofa Cover,Home & Kitchen,29715.31,2,59430.62,12-04-2024,COD,3.5,April,2024,11886.124,9,Online,North,59430.62,0,20.00%,29715.31,5943.062,4,Q2,Apr-24,5348.7558,54081.86,Apr-24
ORD00949,Jeans,Clothing,15543.65,4,62174.6,31-05-2024,Credit Card,2.7,May,2024,12434.92,22,Online,East,62174.6,0,20.00%,15543.65,3108.73,5,Q2,May-24,13678.412,48496.19,May-24
ORD00950,Smartphone,Electronics,8234.32,2,16468.64,02-06-2024,Debit Card,1.9,June,2024,3293.728,14,Retail,North,16468.64,0,20.00%,8234.32,1646.864,6,Q2,Jun-24,2305.6096,14163.03,Jun-24
ORD00951,T-Shirt,Clothing,959.63,1,959.63,21-11-2024,Wallet,1.6,November,2024,191.926,26,Retail,West,959.63,0,20.00%,959.63,191.926,11,Q4,Nov-24,249.5038,710.13,Nov-24
ORD00952,Face Cream,Beauty,34969.69,5,174848.45,30-03-2024,Net Banking,4,March,2024,34969.69,25,Wholesale,East,174848.45,0,20.00%,34969.69,6993.938,3,Q1,Mar-24,43712.1125,131136.34,Mar-24
ORD00953,Headphones,Electronics,46553.58,3,139660.74,04-01-2025,COD,2.3,January,2025,27932.148,10,Online,East,139660.74,0,20.00%,46553.58,9310.716,1,Q1,Jan-25,13966.074,125694.67,Jan-25
ORD00954,Face Cream,Beauty,33472.93,1,33472.93,29-05-2024,Credit Card,3.4,May,2024,6694.586,5,Wholesale,North,33472.93,0,20.00%,33472.93,6694.586,5,Q2,May-24,1673.6465,31799.28,May-24
ORD00955,Smartphone,Electronics,29781.11,2,59562.22,08-03-2024,Debit Card,3.6,March,2024,11912.444,9,Online,West,59562.22,0,20.00%,29781.11,5956.222,3,Q1,Mar-24,5360.5998,54201.62,Mar-24
ORD00956,Cookware Set,Home & Kitchen,30564.98,3,91694.94,14-07-2024,Debit Card,3.8,July,2024,18338.988,13,Retail,West,91694.94,0,20.00%,30564.98,6112.996,7,Q3,Jul-24,11920.3422,79774.6,Jul-24
ORD00957,Sneakers,Clothing,42407.52,2,84815.04,26-05-2024,Debit Card,4.7,May,2024,16963.008,16,Wholesale,East,84815.04,0,20.00%,42407.52,8481.504,5,Q2,May-24,13570.4064,71244.63,May-24
ORD00958,Fiction Novel,Books,10435.03,1,10435.03,23-09-2024,Debit Card,3.1,September,2024,2087.006,30,Wholesale,North,10435.03,0,20.00%,10435.03,2087.006,9,Q3,Sep-24,3130.509,7304.52,Sep-24
ORD00959,Headphones,Electronics,35278.46,3,105835.38,27-08-2024,COD,1.2,August,2024,21167.076,18,Online,South,105835.38,0,20.00%,35278.46,7055.692,8,Q3,Aug-24,19050.3684,86785.01,Aug-24
ORD00960,Smartphone,Electronics,34844.54,3,104533.62,26-09-2024,Credit Card,4.8,September,2024,20906.724,6,Retail,South,104533.62,0,20.00%,34844.54,6968.908,9,Q3,Sep-24,6272.0172,98261.6,Sep-24
ORD00961,Comic Book,Books,31159.76,5,155798.8,25-01-2025,Wallet,1.1,January,2025,31159.76,21,Wholesale,West,155798.8,0,20.00%,31159.76,6231.952,1,Q1,Jan-25,32717.748,123081.05,Jan-25
ORD00962,Dress,Clothing,27369.17,4,109476.68,11-09-2024,UPI,3.5,September,2024,21895.336,18,Retail,South,109476.68,0,20.00%,27369.17,5473.834,9,Q3,Sep-24,19705.8024,89770.88,Sep-24
ORD00963,Lipstick,Beauty,47055.28,1,47055.28,16-06-2024,Credit Card,3,June,2024,9411.056,30,Wholesale,West,47055.28,0,20.00%,47055.28,9411.056,6,Q2,Jun-24,14116.584,32938.7,Jun-24
ORD00964,Laptop,Electronics,30706.15,4,122824.6,06-08-2024,UPI,2.9,August,2024,24564.92,17,Retail,West,122824.6,0,20.00%,30706.15,6141.23,8,Q3,Aug-24,20880.182,101944.42,Aug-24
ORD00965,Hair Dryer,Beauty,659.73,4,2638.92,08-12-2024,UPI,3.5,December,2024,527.784,13,Online,West,2638.92,0,20.00%,659.73,131.946,12,Q4,Dec-24,343.0596,2295.86,Dec-24
ORD00966,Perfume,Beauty,14341.13,4,57364.52,28-06-2024,Credit Card,1.5,June,2024,11472.904,30,Wholesale,South,57364.52,0,20.00%,14341.13,2868.226,6,Q2,Jun-24,17209.356,40155.16,Jun-24
ORD00967,Educational Book,Books,22923.93,4,91695.72,10-12-2024,COD,2.7,December,2024,18339.144,29,Wholesale,West,91695.72,0,20.00%,22923.93,4584.786,12,Q4,Dec-24,26591.7588,65103.96,Dec-24
ORD00968,Table Lamp,Home & Kitchen,20766.47,2,41532.94,23-04-2024,COD,1.8,April,2024,8306.588,19,Retail,East,41532.94,0,20.00%,20766.47,4153.294,4,Q2,Apr-24,7891.2586,33641.68,Apr-24
ORD00969,Laptop,Electronics,36615.73,5,183078.65,10-04-2024,Net Banking,2,April,2024,36615.73,29,Retail,North,183078.65,0,20.00%,36615.73,7323.146,4,Q2,Apr-24,53092.8085,129985.84,Apr-24
ORD00970,T-Shirt,Clothing,879.25,4,3517,07-09-2024,Wallet,4.9,September,2024,703.4,26,Wholesale,North,3517,0,20.00%,879.25,175.85,9,Q3,Sep-24,914.42,2602.58,Sep-24
ORD00971,Bedsheet,Home & Kitchen,8571.55,4,34286.2,12-01-2025,Wallet,3.9,January,2025,6857.24,19,Online,West,34286.2,0,20.00%,8571.55,1714.31,1,Q1,Jan-25,6514.378,27771.82,Jan-25
ORD00972,Headphones,Electronics,23125.33,5,115626.65,19-01-2025,Debit Card,3.7,January,2025,23125.33,28,Retail,North,115626.65,0,20.00%,23125.33,4625.066,1,Q1,Jan-25,32375.462,83251.19,Jan-25
ORD00973,Educational Book,Books,5712.21,3,17136.63,11-09-2024,UPI,3.6,September,2024,3427.326,15,Retail,South,17136.63,0,20.00%,5712.21,1142.442,9,Q3,Sep-24,2570.4945,14566.14,Sep-24
ORD00974,T-Shirt,Clothing,1434.23,2,2868.46,24-03-2024,UPI,3.5,March,2024,573.692,20,Retail,South,2868.46,0,20.00%,1434.23,286.846,3,Q1,Mar-24,573.692,2294.77,Mar-24
ORD00975,Fiction Novel,Books,43163.16,2,86326.32,09-12-2024,Debit Card,1.9,December,2024,17265.264,21,Wholesale,North,86326.32,0,20.00%,43163.16,8632.632,12,Q4,Dec-24,18128.5272,68197.79,Dec-24
ORD00976,Sofa Cover,Home & Kitchen,38545.29,1,38545.29,06-09-2024,Wallet,1.3,September,2024,7709.058,30,Wholesale,South,38545.29,0,20.00%,38545.29,7709.058,9,Q3,Sep-24,11563.587,26981.7,Sep-24
ORD00977,Lipstick,Beauty,8188.18,2,16376.36,15-08-2024,Wallet,1.3,August,2024,3275.272,8,Wholesale,North,16376.36,0,20.00%,8188.18,1637.636,8,Q3,Aug-24,1310.1088,15066.25,Aug-24
ORD00978,Table Lamp,Home & Kitchen,35763.48,4,143053.92,27-12-2024,UPI,3.7,December,2024,28610.784,5,Wholesale,North,143053.92,0,20.00%,35763.48,7152.696,12,Q4,Dec-24,7152.696,135901.22,Dec-24
ORD00979,Cookware Set,Home & Kitchen,10818.91,2,21637.82,01-08-2024,Wallet,1.8,August,2024,4327.564,12,Online,North,21637.82,0,20.00%,10818.91,2163.782,8,Q3,Aug-24,2596.5384,19041.28,Aug-24
ORD00980,Perfume,Beauty,35506.41,5,177532.05,28-02-2024,Wallet,1.2,February,2024,35506.41,21,Online,West,177532.05,0,20.00%,35506.41,7101.282,2,Q1,Feb-24,37281.7305,140250.32,Feb-24
ORD00981,Tablet,Electronics,19010.38,5,95051.9,28-07-2024,Wallet,1.5,July,2024,19010.38,7,Wholesale,North,95051.9,0,20.00%,19010.38,3802.076,7,Q3,Jul-24,6653.633,88398.27,Jul-24
ORD00982,Fiction Novel,Books,29678.85,3,89036.55,25-10-2024,UPI,2.9,October,2024,17807.31,24,Online,West,89036.55,0,20.00%,29678.85,5935.77,10,Q4,Oct-24,21368.772,67667.78,Oct-24
ORD00983,Comic Book,Books,5412.9,5,27064.5,30-06-2024,COD,2.1,June,2024,5412.9,19,Retail,North,27064.5,0,20.00%,5412.9,1082.58,6,Q2,Jun-24,5142.255,21922.25,Jun-24
ORD00984,Jeans,Clothing,22890.95,3,68672.85,30-11-2024,Credit Card,3,November,2024,13734.57,19,Retail,North,68672.85,0,20.00%,22890.95,4578.19,11,Q4,Nov-24,13047.8415,55625.01,Nov-24
ORD00985,Jeans,Clothing,40905.69,5,204528.45,27-01-2025,COD,1.9,January,2025,40905.69,28,Retail,North,204528.45,0,20.00%,40905.69,8181.138,1,Q1,Jan-25,57267.966,147260.48,Jan-25
ORD00986,Bedsheet,Home & Kitchen,17253.67,3,51761.01,24-11-2024,Debit Card,4.6,November,2024,10352.202,26,Wholesale,South,51761.01,0,20.00%,17253.67,3450.734,11,Q4,Nov-24,13457.8626,38303.15,Nov-24
ORD00987,Educational Book,Books,27920.2,5,139601,14-02-2024,Wallet,2.7,February,2024,27920.2,18,Retail,West,139601,0,20.00%,27920.2,5584.04,2,Q1,Feb-24,25128.18,114472.82,Feb-24
ORD00988,Jacket,Clothing,46055.88,5,230279.4,06-12-2024,COD,4.2,December,2024,46055.88,30,Online,West,230279.4,0,20.00%,46055.88,9211.176,12,Q4,Dec-24,69083.82,161195.58,Dec-24
ORD00989,Smartwatch,Electronics,49569.3,4,198277.2,11-05-2024,COD,1.2,May,2024,39655.44,27,Wholesale,North,198277.2,0,20.00%,49569.3,9913.86,5,Q2,May-24,53534.844,144742.36,May-24
ORD00990,Educational Book,Books,35948.16,5,179740.8,30-10-2024,Wallet,2.5,October,2024,35948.16,18,Online,North,179740.8,0,20.00%,35948.16,7189.632,10,Q4,Oct-24,32353.344,147387.46,Oct-24
ORD00991,Fiction Novel,Books,9189.91,5,45949.55,28-07-2024,Wallet,4.9,July,2024,9189.91,28,Retail,South,45949.55,0,20.00%,9189.91,1837.982,7,Q3,Jul-24,12865.874,33083.68,Jul-24
ORD00992,Mixer Grinder,Home & Kitchen,6075.65,2,12151.3,06-03-2024,Credit Card,2.1,March,2024,2430.26,6,Retail,South,12151.3,0,20.00%,6075.65,1215.13,3,Q1,Mar-24,729.078,11422.22,Mar-24
ORD00993,Mixer Grinder,Home & Kitchen,25511.46,2,51022.92,27-11-2024,Net Banking,3.7,November,2024,10204.584,17,Retail,South,51022.92,0,20.00%,25511.46,5102.292,11,Q4,Nov-24,8673.8964,42349.02,Nov-24
ORD00994,Mixer Grinder,Home & Kitchen,5815.52,4,23262.08,12-10-2024,UPI,2.2,October,2024,4652.416,30,Wholesale,West,23262.08,0,20.00%,5815.52,1163.104,10,Q4,Oct-24,6978.624,16283.46,Oct-24
ORD00995,Sneakers,Clothing,11479.89,3,34439.67,30-07-2024,Net Banking,2.5,July,2024,6887.934,18,Online,West,34439.67,0,20.00%,11479.89,2295.978,7,Q3,Jul-24,6199.1406,28240.53,Jul-24
ORD00996,Smartphone,Electronics,28995.81,3,86987.43,13-01-2025,COD,5,January,2025,17397.486,28,Wholesale,West,86987.43,0,20.00%,28995.81,5799.162,1,Q1,Jan-25,24356.4804,62630.95,Jan-25
ORD00997,Perfume,Beauty,32799.51,2,65599.02,18-12-2024,Wallet,2.4,December,2024,13119.804,23,Wholesale,North,65599.02,0,20.00%,32799.51,6559.902,12,Q4,Dec-24,15087.7746,50511.25,Dec-24
ORD00998,Face Cream,Beauty,40840.8,1,40840.8,26-07-2024,UPI,3.1,July,2024,8168.16,11,Retail,West,40840.8,0,20.00%,40840.8,8168.16,7,Q3,Jul-24,4492.488,36348.31,Jul-24
ORD00999,Cookware Set,Home & Kitchen,34741.79,4,138967.16,02-10-2024,Net Banking,3.2,October,2024,27793.432,7,Wholesale,East,138967.16,0,20.00%,34741.79,6948.358,10,Q4,Oct-24,9727.7012,129239.46,Oct-24
ORD01000,Table Lamp,Home & Kitchen,16698.12,4,66792.48,26-03-2024,Credit Card,1.6,March,2024,13358.496,19,Wholesale,East,66792.48,0,20.00%,16698.12,3339.624,3,Q1,Mar-24,12690.5712,54101.91,Mar-24
